FIPS_State_Code,FIPS_County_Code,Census_Region_Code,Census_Division_Code,County_Name,Estimated_1_Unit_Buildings,Estimated_1_Unit_Total_Units,Estimated_1_Unit_Total_Value,Estimated_2_Unit_Buildings,Estimated_2_Unit_Total_Units,Estimated_2_Unit_Total_Value,Estimated_3to4_Unit_Buildings,Estimated_3to4_Unit_Total_Units,Estimated_3to4_Unit_Total_Value,Estimated_5plus_Unit_Buildings,Estimated_5plus_Unit_Total_Units,Estimated_5plus_Unit_Total_Value,Reported_1_Unit_Buildings,Reported_1_Unit_Total_Units,Reported_1_Unit_Total_Value,Reported_2_Unit_Buildings,Reported_2_Unit_Total_Units,Reported_2_Unit_Total_Value,Reported_3to4_Unit_Buildings,Reported_3to4_Unit_Total_Units,Reported_3to4_Unit_Total_Value,Reported_5plus_Unit_Buildings,Reported_5plus_Unit_Total_Units,Reported_5plus_Unit_Total_Value
1,1,3,6,Autauga County                ,8,8,1096961,0,0,0,0,0,0,0,0,0,8,8,1096961,0,0,0,0,0,0,0,0,0
1,7,3,6,Bibb County                   ,0,0,0,0,0,0,0,0,0,0,0,0,0,0,0,0,0,0,0,0,0,0,0,0
1,9,3,6,Blount County                 ,0,0,0,0,0,0,0,0,0,0,0,0,0,0,0,0,0,0,0,0,0,0,0,0
1,21,3,6,Chilton County                ,2,2,269583,0,0,0,0,0,0,0,0,0,1,1,130000,0,0,0,0,0,0,0,0,0
1,37,3,6,Coosa County                  ,0,0,0,0,0,0,0,0,0,0,0,0,0,0,0,0,0,0,0,0,0,0,0,0
1,73,3,6,Jefferson County              ,82,82,15742113,0,0,0,0,0,0,3,21,1118122,66,66,11916630,0,0,0,0,0,0,2,10,300000
1,81,3,6,Lee County                    ,66,66,13052558,0,0,0,0,0,0,31,372,29919724,66,66,13052558,0,0,0,0,0,0,31,372,29919724
1,115,3,6,St. Clair County              ,2,2,330124,0,0,0,0,0,0,0,0,0,2,2,330124,0,0,0,0,0,0,0,0,0
1,117,3,6,Shelby County                 ,57,57,9768977,0,0,0,0,0,0,0,0,0,35,35,5388664,0,0,0,0,0,0,0,0,0
1,127,3,6,Walker County                 ,1,1,203416,0,0,0,0,0,0,0,0,0,0,0,0,0,0,0,0,0,0,0,0,0
2,0,4,9,Alaska Balance of State       ,7,7,1367934,0,0,0,0,0,0,0,0,0,0,0,0,0,0,0,0,0,0,0,0,0
2,13,4,9,Aleutians East Borough        ,0,0,0,0,0,0,0,0,0,0,0,0,0,0,0,0,0,0,0,0,0,0,0,0
2,16,4,9,Aleutians West Census Area    ,0,0,0,0,0,0,0,0,0,0,0,0,0,0,0,0,0,0,0,0,0,0,0,0
2,20,4,9,Anchorage Borough             ,22,22,6860400,10,20,3763845,3,12,1215844,0,0,0,22,22,6860400,10,20,3763845,3,12,1215844,0,0,0
2,50,4,9,Bethel Census Area            ,0,0,0,0,0,0,0,0,0,0,0,0,0,0,0,0,0,0,0,0,0,0,0,0
2,60,4,9,Bristol Bay Borough           ,0,0,0,0,0,0,0,0,0,0,0,0,0,0,0,0,0,0,0,0,0,0,0,0
2,90,4,9,Fairbanks North Star Borough  ,4,4,772214,0,0,0,0,0,0,0,0,0,1,1,215000,0,0,0,0,0,0,0,0,0
2,100,4,9,Haines Borough                ,2,2,458056,0,0,0,0,0,0,0,0,0,2,2,458056,0,0,0,0,0,0,0,0,0
2,110,4,9,Juneau Borough                ,0,0,0,0,0,0,0,0,0,0,0,0,0,0,0,0,0,0,0,0,0,0,0,0
2,122,4,9,Kenai Peninsula Borough       ,8,8,1902923,0,0,0,1,4,700000,0,0,0,7,7,1619590,0,0,0,1,4,700000,0,0,0
2,130,4,9,Ketchikan Gateway Borough     ,1,1,229028,0,0,0,0,0,0,0,0,0,1,1,229028,0,0,0,0,0,0,0,0,0
2,150,4,9,Kodiak Island Borough         ,2,2,383783,0,0,0,0,0,0,0,0,0,2,2,383783,0,0,0,0,0,0,0,0,0
2,170,4,9,Matanuska-Susitna Borough     ,7,7,1484167,0,0,0,0,0,0,0,0,0,6,6,1374167,0,0,0,0,0,0,0,0,0
2,180,4,9,Nome Census Area              ,0,0,0,0,0,0,0,0,0,0,0,0,0,0,0,0,0,0,0,0,0,0,0,0
2,185,4,9,North Slope Borough           ,1,1,229028,0,0,0,0,0,0,0,0,0,1,1,229028,0,0,0,0,0,0,0,0,0
2,188,4,9,Northwest Arctic Borough      ,0,0,0,0,0,0,0,0,0,0,0,0,0,0,0,0,0,0,0,0,0,0,0,0
2,201,4,9,Prince of Wales-Outer Ketchika,1,1,229028,0,0,0,0,0,0,0,0,0,1,1,229028,0,0,0,0,0,0,0,0,0
2,220,4,9,Sitka Borough                 ,1,1,295979,0,0,0,0,0,0,0,0,0,0,0,0,0,0,0,0,0,0,0,0,0
2,232,4,9,Skagway-Hoonah-Angoon Census A,0,0,0,0,0,0,0,0,0,0,0,0,0,0,0,0,0,0,0,0,0,0,0,0
2,261,4,9,Valdez-Cordova Census Area    ,2,2,420000,0,0,0,0,0,0,0,0,0,2,2,420000,0,0,0,0,0,0,0,0,0
2,280,4,9,Wrangell-Petersburg Census Are,0,0,0,0,0,0,0,0,0,0,0,0,0,0,0,0,0,0,0,0,0,0,0,0
2,282,4,9,Yakutat Borough               ,0,0,0,0,0,0,0,0,0,0,0,0,0,0,0,0,0,0,0,0,0,0,0,0
2,290,4,9,Yukon-Koyukuk Census Area     ,0,0,0,0,0,0,0,0,0,0,0,0,0,0,0,0,0,0,0,0,0,0,0,0
4,13,4,8,Maricopa County               ,536,536,127097516,0,0,0,0,0,0,0,0,0,534,534,126073051,0,0,0,0,0,0,0,0,0
4,19,4,8,Pima County                   ,205,205,38858842,1,2,209810,0,0,0,0,0,0,113,113,21701965,0,0,0,0,0,0,0,0,0
4,21,4,8,Pinal County                  ,258,258,32572616,0,0,0,0,0,0,0,0,0,227,227,28444477,0,0,0,0,0,0,0,0,0
5,23,3,7,Cleburne County               ,3,3,231000,0,0,0,0,0,0,0,0,0,3,3,231000,0,0,0,0,0,0,0,0,0
5,25,3,7,Cleveland County              ,0,0,0,0,0,0,0,0,0,0,0,0,0,0,0,0,0,0,0,0,0,0,0,0
5,27,3,7,Columbia County               ,1,1,300000,0,0,0,0,0,0,0,0,0,1,1,300000,0,0,0,0,0,0,0,0,0
5,35,3,7,Crittenden County             ,8,8,1167113,0,0,0,0,0,0,0,0,0,8,8,1167113,0,0,0,0,0,0,0,0,0
5,59,3,7,Hot Spring County             ,0,0,0,0,0,0,0,0,0,0,0,0,0,0,0,0,0,0,0,0,0,0,0,0
5,61,3,7,Howard County                 ,3,3,265000,0,0,0,0,0,0,0,0,0,3,3,265000,0,0,0,0,0,0,0,0,0
5,99,3,7,Nevada County                 ,0,0,0,0,0,0,0,0,0,0,0,0,0,0,0,0,0,0,0,0,0,0,0,0
6,1,4,9,Alameda County                ,110,110,25689170,2,4,560116,0,0,0,4,49,7112963,109,109,25412675,2,4,560116,0,0,0,3,43,6625458
6,3,4,9,Alpine County                 ,2,2,806235,0,0,0,0,0,0,0,0,0,2,2,806235,0,0,0,0,0,0,0,0,0
6,9,4,9,Calaveras County              ,6,6,2686255,0,0,0,0,0,0,0,0,0,6,6,2686255,0,0,0,0,0,0,0,0,0
6,13,4,9,Contra Costa County           ,81,81,19542261,2,4,926894,0,0,0,3,17,3218199,72,72,17359598,2,4,926894,0,0,0,2,12,2765194
6,17,4,9,El Dorado County              ,15,15,3427777,0,0,0,0,0,0,0,0,0,15,15,3427777,0,0,0,0,0,0,0,0,0
6,37,4,9,Los Angeles County            ,179,179,61273268,21,42,6368068,2,8,3003700,7,191,37424668,146,146,51154234,21,42,6368068,2,8,3003700,5,181,35983577
6,41,4,9,Marin County                  ,11,11,3403549,0,0,0,0,0,0,0,0,0,3,3,738497,0,0,0,0,0,0,0,0,0
6,45,4,9,Mendocino County              ,8,8,1869724,0,0,0,0,0,0,0,0,0,8,8,1869724,0,0,0,0,0,0,0,0,0
6,49,4,9,Modoc County                  ,1,1,39168,0,0,0,0,0,0,0,0,0,1,1,39168,0,0,0,0,0,0,0,0,0
6,51,4,9,Mono County                   ,2,2,1042146,0,0,0,0,0,0,0,0,0,1,1,903342,0,0,0,0,0,0,0,0,0
6,59,4,9,Orange County                 ,88,88,31525085,1,2,515356,1,3,294832,1,15,929700,70,70,21070306,0,0,0,0,0,0,1,15,929700
6,61,4,9,Placer County                 ,112,112,27315220,0,0,0,0,0,0,0,0,0,112,112,27315220,0,0,0,0,0,0,0,0,0
6,63,4,9,Plumas County                 ,3,3,569115,0,0,0,0,0,0,0,0,0,3,3,569115,0,0,0,0,0,0,0,0,0
6,65,4,9,Riverside County              ,231,231,46338846,0,0,0,0,0,0,3,85,6950000,227,227,45105999,0,0,0,0,0,0,3,85,6950000
6,67,4,9,Sacramento County             ,75,75,14010542,0,0,0,0,0,0,2,14,1299026,73,73,13549600,0,0,0,0,0,0,2,14,1299026
6,69,4,9,San Benito County             ,2,2,725383,0,0,0,0,0,0,0,0,0,2,2,725383,0,0,0,0,0,0,0,0,0
6,71,4,9,San Bernardino County         ,101,101,17122466,0,0,0,0,0,0,2,67,4737293,95,95,16297386,0,0,0,0,0,0,1,60,4230962
6,73,4,9,San Diego County              ,100,100,35583501,3,6,1224157,0,0,0,0,0,0,99,99,35361551,3,6,1224157,0,0,0,0,0,0
6,75,4,9,San Francisco County          ,0,0,0,4,8,2772587,0,0,0,1,18,3800000,0,0,0,4,8,2772587,0,0,0,1,18,3800000
6,77,4,9,San Joaquin County            ,101,101,19863066,0,0,0,0,0,0,0,0,0,101,101,19863066,0,0,0,0,0,0,0,0,0
6,81,4,9,San Mateo County              ,16,16,12212965,0,0,0,0,0,0,2,11,2728351,9,9,9237229,0,0,0,0,0,0,0,0,0
6,85,4,9,Santa Clara County            ,83,83,26550524,0,0,0,0,0,0,3,24,4444192,72,72,23805751,0,0,0,0,0,0,1,9,2575260
6,91,4,9,Sierra County                 ,0,0,0,0,0,0,0,0,0,0,0,0,0,0,0,0,0,0,0,0,0,0,0,0
6,113,4,9,Yolo County                   ,16,16,3664906,0,0,0,0,0,0,0,0,0,16,16,3664906,0,0,0,0,0,0,0,0,0
8,1,4,8,Adams County                  ,44,44,8884712,2,4,152057,0,0,0,0,0,0,43,43,8723805,2,4,152057,0,0,0,0,0,0
8,5,4,8,Arapahoe County               ,45,45,13462590,0,0,0,0,0,0,0,0,0,41,41,12592287,0,0,0,0,0,0,0,0,0
8,14,4,8,Broomfield County             ,19,19,4120361,0,0,0,0,0,0,0,0,0,19,19,4120361,0,0,0,0,0,0,0,0,0
8,15,4,8,Chaffee County                ,7,7,2013359,0,0,0,0,0,0,0,0,0,7,7,2013359,0,0,0,0,0,0,0,0,0
8,19,4,8,Clear Creek County            ,2,2,266347,0,0,0,0,0,0,0,0,0,2,2,266347,0,0,0,0,0,0,0,0,0
8,23,4,8,Costilla County               ,1,1,163199,0,0,0,0,0,0,0,0,0,0,0,0,0,0,0,0,0,0,0,0,0
8,31,4,8,Denver County                 ,39,39,8899770,0,0,0,0,0,0,1,5,1240000,39,39,8899770,0,0,0,0,0,0,1,5,1240000
8,33,4,8,Dolores County                ,1,1,229028,0,0,0,0,0,0,0,0,0,1,1,229028,0,0,0,0,0,0,0,0,0
8,35,4,8,Douglas County                ,52,52,14997722,0,0,0,0,0,0,0,0,0,52,52,14997722,0,0,0,0,0,0,0,0,0
8,39,4,8,Elbert County                 ,4,4,1107206,0,0,0,0,0,0,0,0,0,0,0,0,0,0,0,0,0,0,0,0,0
8,41,4,8,El Paso County                ,124,124,39321692,0,0,0,0,0,0,0,0,0,124,124,39321692,0,0,0,0,0,0,0,0,0
8,47,4,8,Gilpin County                 ,2,2,350000,0,0,0,0,0,0,0,0,0,2,2,350000,0,0,0,0,0,0,0,0,0
8,49,4,8,Grand County                  ,16,16,4364174,0,0,0,0,0,0,0,0,0,2,2,1054218,0,0,0,0,0,0,0,0,0
8,59,4,8,Jefferson County              ,40,40,11182028,0,0,0,1,3,700000,0,0,0,40,40,11182028,0,0,0,1,3,700000,0,0,0
8,69,4,8,Larimer County                ,38,38,8362251,0,0,0,0,0,0,0,0,0,38,38,8362251,0,0,0,0,0,0,0,0,0
8,77,4,8,Mesa County                   ,36,36,7120188,0,0,0,0,0,0,0,0,0,36,36,7120188,0,0,0,0,0,0,0,0,0
8,93,4,8,Park County                   ,16,16,2451639,0,0,0,0,0,0,0,0,0,16,16,2451639,0,0,0,0,0,0,0,0,0
8,101,4,8,Pueblo County                 ,9,9,1636914,0,0,0,0,0,0,0,0,0,9,9,1636914,0,0,0,0,0,0,0,0,0
8,107,4,8,Routt County                  ,5,5,2930694,0,0,0,0,0,0,0,0,0,5,5,2930694,0,0,0,0,0,0,0,0,0
8,119,4,8,Teller County                 ,3,3,698125,0,0,0,0,0,0,0,0,0,2,2,626708,0,0,0,0,0,0,0,0,0
8,123,4,8,Weld County                   ,94,94,19522546,0,0,0,0,0,0,0,0,0,80,80,15622706,0,0,0,0,0,0,0,0,0
10,1,3,5,Kent County                   ,70,70,9205807,0,0,0,0,0,0,2,26,1707700,22,22,2654287,0,0,0,0,0,0,2,26,1707700
10,3,3,5,New Castle County             ,57,57,5178920,0,0,0,0,0,0,0,0,0,53,53,4749545,0,0,0,0,0,0,0,0,0
10,5,3,5,Sussex County                 ,121,121,18231768,1,2,253098,0,0,0,1,18,690000,121,121,18231768,1,2,253098,0,0,0,1,18,690000
11,1,3,5,Washington  DC                ,3,3,435248,0,0,0,0,0,0,1,15,1250000,3,3,435248,0,0,0,0,0,0,1,15,1250000
12,3,3,5,Baker County                  ,4,4,455286,0,0,0,0,0,0,0,0,0,4,4,455286,0,0,0,0,0,0,0,0,0
12,9,3,5,Brevard County                ,88,88,20343984,0,0,0,0,0,0,1,12,1834560,66,66,14967886,0,0,0,0,0,0,1,12,1834560
12,11,3,5,Broward County                ,49,49,22533757,0,0,0,0,0,0,0,0,0,33,33,20366219,0,0,0,0,0,0,0,0,0
12,13,3,5,Calhoun County                ,2,2,203000,0,0,0,0,0,0,0,0,0,2,2,203000,0,0,0,0,0,0,0,0,0
12,15,3,5,Charlotte County              ,23,23,5400206,1,2,263725,0,0,0,1,5,661290,1,1,256943,0,0,0,0,0,0,0,0,0
12,19,3,5,Clay County                   ,31,31,4813220,0,0,0,0,0,0,1,6,369213,31,31,4813220,0,0,0,0,0,0,1,6,369213
12,21,3,5,Collier County                ,52,52,37798896,0,0,0,4,16,3852000,1,12,1070000,52,52,37798896,0,0,0,4,16,3852000,1,12,1070000
12,23,3,5,Columbia County               ,16,16,2133150,0,0,0,0,0,0,0,0,0,16,16,2133150,0,0,0,0,0,0,0,0,0
12,31,3,5,Duval County                  ,126,126,23678583,0,0,0,0,0,0,0,0,0,126,126,23678583,0,0,0,0,0,0,0,0,0
12,33,3,5,Escambia County               ,76,76,14668410,1,2,183608,0,0,0,0,0,0,76,76,14668410,1,2,183608,0,0,0,0,0,0
12,41,3,5,Gilchrist County              ,3,3,310054,0,0,0,0,0,0,0,0,0,0,0,0,0,0,0,0,0,0,0,0,0
12,43,3,5,Glades County                 ,3,3,213038,0,0,0,0,0,0,0,0,0,3,3,213038,0,0,0,0,0,0,0,0,0
12,47,3,5,Hamilton County               ,0,0,0,0,0,0,0,0,0,0,0,0,0,0,0,0,0,0,0,0,0,0,0,0
12,49,3,5,Hardee County                 ,4,4,267800,0,0,0,0,0,0,0,0,0,4,4,267800,0,0,0,0,0,0,0,0,0
12,53,3,5,Hernando County               ,28,28,4515355,0,0,0,0,0,0,0,0,0,0,0,0,0,0,0,0,0,0,0,0,0
12,55,3,5,Highlands County              ,6,6,1368103,0,0,0,0,0,0,0,0,0,5,5,1126550,0,0,0,0,0,0,0,0,0
12,57,3,5,Hillsborough County           ,234,234,60667315,0,0,0,1,3,610621,3,24,3696324,234,234,60667315,0,0,0,1,3,610621,3,24,3696324
12,61,3,5,Indian River County           ,10,10,3706926,0,0,0,0,0,0,0,0,0,10,10,3706926,0,0,0,0,0,0,0,0,0
12,63,3,5,Jackson County                ,3,3,215000,0,0,0,0,0,0,0,0,0,3,3,215000,0,0,0,0,0,0,0,0,0
12,65,3,5,Jefferson County              ,3,3,415480,0,0,0,0,0,0,0,0,0,3,3,415480,0,0,0,0,0,0,0,0,0
12,67,3,5,Lafayette County              ,1,1,154252,0,0,0,0,0,0,0,0,0,0,0,0,0,0,0,0,0,0,0,0,0
12,69,3,5,Lake County                   ,54,54,13559107,0,0,0,1,3,185500,1,9,699000,35,35,8993733,0,0,0,0,0,0,0,0,0
12,71,3,5,Lee County                    ,85,85,20245416,4,8,904800,2,8,2026960,1,6,300000,76,76,17284226,4,8,904800,2,8,2026960,1,6,300000
12,73,3,5,Leon County                   ,41,41,6933220,1,2,110000,0,0,0,1,10,797778,0,0,0,0,0,0,0,0,0,0,0,0
12,77,3,5,Liberty County                ,1,1,123306,0,0,0,0,0,0,0,0,0,0,0,0,0,0,0,0,0,0,0,0,0
12,81,3,5,Manatee County                ,81,81,14329707,0,0,0,0,0,0,1,36,3400000,81,81,14329707,0,0,0,0,0,0,1,36,3400000
12,83,3,5,Marion County                 ,30,30,4664089,0,0,0,0,0,0,0,0,0,30,30,4664089,0,0,0,0,0,0,0,0,0
12,85,3,5,Martin County                 ,7,7,5339168,0,0,0,0,0,0,0,0,0,6,6,3569468,0,0,0,0,0,0,0,0,0
12,86,3,5,Miami-Dade County             ,55,55,11087364,1,2,600000,0,0,0,4,28,2217361,51,51,10443246,1,2,600000,0,0,0,3,23,1250513
12,89,3,5,Nassau County                 ,18,18,3496000,0,0,0,0,0,0,0,0,0,17,17,3404570,0,0,0,0,0,0,0,0,0
12,95,3,5,Orange County                 ,146,146,32999188,0,0,0,1,3,140000,1,5,375000,146,146,32999188,0,0,0,1,3,140000,1,5,375000
12,97,3,5,Osceola County                ,36,36,6864293,0,0,0,0,0,0,0,0,0,36,36,6864293,0,0,0,0,0,0,0,0,0
12,99,3,5,Palm Beach County             ,109,109,28017688,0,0,0,0,0,0,1,5,625466,104,104,26339174,0,0,0,0,0,0,0,0,0
12,101,3,5,Pasco County                  ,63,63,11323614,3,6,436500,0,0,0,0,0,0,63,63,11323614,3,6,436500,0,0,0,0,0,0
12,103,3,5,Pinellas County               ,51,51,5808229,0,0,0,0,0,0,1,82,8000000,51,51,5808229,0,0,0,0,0,0,1,82,8000000
12,105,3,5,Polk County                   ,92,92,18062026,0,0,0,0,0,0,0,0,0,83,83,16238654,0,0,0,0,0,0,0,0,0
12,107,3,5,Putnam County                 ,3,3,399918,0,0,0,0,0,0,0,0,0,0,0,0,0,0,0,0,0,0,0,0,0
12,109,3,5,St. Johns County              ,108,108,24532302,0,0,0,0,0,0,0,0,0,108,108,24532302,0,0,0,0,0,0,0,0,0
12,111,3,5,St. Lucie County              ,14,14,1982250,0,0,0,0,0,0,0,0,0,14,14,1982250,0,0,0,0,0,0,0,0,0
12,113,3,5,Santa Rosa County             ,56,56,6252035,0,0,0,0,0,0,0,0,0,56,56,6252035,0,0,0,0,0,0,0,0,0
12,115,3,5,Sarasota County               ,23,23,6207983,0,0,0,0,0,0,0,0,0,23,23,6207983,0,0,0,0,0,0,0,0,0
12,117,3,5,Seminole County               ,71,71,7773170,0,0,0,0,0,0,0,0,0,71,71,7773170,0,0,0,0,0,0,0,0,0
12,119,3,5,Sumter County                 ,200,200,53857894,1,2,214005,0,0,0,0,0,0,199,199,53728773,1,2,214005,0,0,0,0,0,0
12,123,3,5,Taylor County                 ,0,0,0,0,0,0,0,0,0,0,0,0,0,0,0,0,0,0,0,0,0,0,0,0
12,125,3,5,Union County                  ,2,2,157560,0,0,0,0,0,0,0,0,0,2,2,157560,0,0,0,0,0,0,0,0,0
12,127,3,5,Volusia County                ,87,87,20831345,0,0,0,0,0,0,1,6,587883,64,64,15311525,0,0,0,0,0,0,0,0,0
12,129,3,5,Wakulla County                ,5,5,550000,0,0,0,0,0,0,0,0,0,5,5,550000,0,0,0,0,0,0,0,0,0
12,131,3,5,Walton County                 ,23,23,7696579,0,0,0,0,0,0,0,0,0,23,23,7696579,0,0,0,0,0,0,0,0,0
12,133,3,5,Washington County             ,0,0,0,0,0,0,0,0,0,0,0,0,0,0,0,0,0,0,0,0,0,0,0,0
13,5,3,5,Bacon County                  ,0,0,0,0,0,0,0,0,0,0,0,0,0,0,0,0,0,0,0,0,0,0,0,0
13,13,3,5,Barrow County                 ,7,7,954048,0,0,0,0,0,0,0,0,0,7,7,954048,0,0,0,0,0,0,0,0,0
13,15,3,5,Bartow County                 ,9,9,1597993,0,0,0,0,0,0,0,0,0,9,9,1597993,0,0,0,0,0,0,0,0,0
13,29,3,5,Bryan County                  ,24,24,5587961,0,0,0,0,0,0,0,0,0,24,24,5587961,0,0,0,0,0,0,0,0,0
13,35,3,5,Butts County                  ,0,0,0,0,0,0,0,0,0,0,0,0,0,0,0,0,0,0,0,0,0,0,0,0
13,45,3,5,Carroll County                ,10,10,1371952,0,0,0,0,0,0,0,0,0,10,10,1371952,0,0,0,0,0,0,0,0,0
13,57,3,5,Cherokee County               ,46,46,7451908,0,0,0,0,0,0,0,0,0,46,46,7451908,0,0,0,0,0,0,0,0,0
13,59,3,5,Clarke County                 ,15,15,2201854,0,0,0,0,0,0,0,0,0,0,0,0,0,0,0,0,0,0,0,0,0
13,63,3,5,Clayton County                ,10,10,1642644,0,0,0,0,0,0,0,0,0,10,10,1642644,0,0,0,0,0,0,0,0,0
13,67,3,5,Cobb County                   ,37,37,7247720,0,0,0,2,8,1310232,5,41,6043614,35,35,6879744,0,0,0,2,8,1310232,5,41,6043614
13,77,3,5,Coweta County                 ,43,43,11856182,0,0,0,0,0,0,0,0,0,43,43,11856182,0,0,0,0,0,0,0,0,0
13,85,3,5,Dawson County                 ,6,6,1591806,0,0,0,0,0,0,0,0,0,4,4,1275000,0,0,0,0,0,0,0,0,0
13,89,3,5,DeKalb County                 ,39,39,11297679,0,0,0,0,0,0,1,10,1000682,36,36,10277791,0,0,0,0,0,0,1,10,1000682
13,95,3,5,Dougherty County              ,3,3,336029,1,2,150133,0,0,0,0,0,0,0,0,0,0,0,0,0,0,0,0,0,0
13,97,3,5,Douglas County                ,19,19,2236655,0,0,0,0,0,0,0,0,0,19,19,2236655,0,0,0,0,0,0,0,0,0
13,113,3,5,Fayette County                ,8,8,2085510,0,0,0,0,0,0,0,0,0,5,5,1151017,0,0,0,0,0,0,0,0,0
13,117,3,5,Forsyth County                ,76,76,9445770,0,0,0,0,0,0,0,0,0,76,76,9445770,0,0,0,0,0,0,0,0,0
13,121,3,5,Fulton County                 ,78,78,12384063,1,2,524052,0,0,0,1,6,359617,76,76,11987059,1,2,524052,0,0,0,1,6,359617
13,127,3,5,Glynn County                  ,29,29,7414037,0,0,0,0,0,0,0,0,0,0,0,0,0,0,0,0,0,0,0,0,0
13,133,3,5,Greene County                 ,11,11,5252900,0,0,0,0,0,0,0,0,0,11,11,5252900,0,0,0,0,0,0,0,0,0
13,135,3,5,Gwinnett County               ,41,41,7979683,0,0,0,0,0,0,0,0,0,41,41,7979683,0,0,0,0,0,0,0,0,0
13,143,3,5,Haralson County               ,1,1,180124,0,0,0,0,0,0,0,0,0,1,1,180124,0,0,0,0,0,0,0,0,0
13,145,3,5,Harris County                 ,8,8,1389180,0,0,0,0,0,0,0,0,0,8,8,1389180,0,0,0,0,0,0,0,0,0
13,149,3,5,Heard County                  ,1,1,134367,0,0,0,0,0,0,0,0,0,0,0,0,0,0,0,0,0,0,0,0,0
13,151,3,5,Henry County                  ,17,17,3534843,0,0,0,0,0,0,0,0,0,17,17,3534843,0,0,0,0,0,0,0,0,0
13,159,3,5,Jasper County                 ,4,4,663860,0,0,0,0,0,0,0,0,0,4,4,663860,0,0,0,0,0,0,0,0,0
13,169,3,5,Jones County                  ,1,1,100000,0,0,0,0,0,0,0,0,0,1,1,100000,0,0,0,0,0,0,0,0,0
13,171,3,5,Lamar County                  ,4,4,535609,0,0,0,0,0,0,0,0,0,3,3,377745,0,0,0,0,0,0,0,0,0
13,177,3,5,Lee County                    ,11,11,1257137,0,0,0,0,0,0,0,0,0,0,0,0,0,0,0,0,0,0,0,0,0
13,189,3,5,McDuffie County               ,1,1,197000,0,0,0,0,0,0,0,0,0,1,1,197000,0,0,0,0,0,0,0,0,0
13,199,3,5,Meriwether County             ,2,2,360248,0,0,0,0,0,0,0,0,0,2,2,360248,0,0,0,0,0,0,0,0,0
13,211,3,5,Morgan County                 ,3,3,392582,0,0,0,0,0,0,0,0,0,3,3,392582,0,0,0,0,0,0,0,0,0
13,213,3,5,Murray County                 ,7,7,1239792,0,0,0,0,0,0,0,0,0,7,7,1239792,0,0,0,0,0,0,0,0,0
13,215,3,5,Muscogee County               ,21,21,2222816,0,0,0,1,3,136255,1,10,759928,0,0,0,0,0,0,0,0,0,0,0,0
13,217,3,5,Newton County                 ,4,4,643694,0,0,0,0,0,0,0,0,0,4,4,643694,0,0,0,0,0,0,0,0,0
13,223,3,5,Paulding County               ,15,15,2651737,0,0,0,0,0,0,0,0,0,15,15,2651737,0,0,0,0,0,0,0,0,0
13,227,3,5,Pickens County                ,5,5,1187000,0,0,0,0,0,0,0,0,0,5,5,1187000,0,0,0,0,0,0,0,0,0
13,231,3,5,Pike County                   ,7,7,905876,0,0,0,0,0,0,0,0,0,0,0,0,0,0,0,0,0,0,0,0,0
13,237,3,5,Putnam County                 ,2,2,740000,0,0,0,0,0,0,0,0,0,2,2,740000,0,0,0,0,0,0,0,0,0
13,239,3,5,Quitman County                ,0,0,0,0,0,0,0,0,0,0,0,0,0,0,0,0,0,0,0,0,0,0,0,0
13,247,3,5,Rockdale County               ,9,9,2884634,0,0,0,0,0,0,1,8,619475,9,9,2884634,0,0,0,0,0,0,1,8,619475
13,255,3,5,Spalding County               ,31,31,3478708,0,0,0,0,0,0,0,0,0,31,31,3478708,0,0,0,0,0,0,0,0,0
13,291,3,5,Union County                  ,17,17,2705000,0,0,0,0,0,0,0,0,0,17,17,2705000,0,0,0,0,0,0,0,0,0
13,297,3,5,Walton County                 ,10,10,1392150,0,0,0,0,0,0,0,0,0,10,10,1392150,0,0,0,0,0,0,0,0,0
13,313,3,5,Whitfield County              ,11,11,1323499,0,0,0,0,0,0,1,5,249757,0,0,0,0,0,0,0,0,0,0,0,0
13,321,3,5,Worth County                  ,3,3,430000,0,0,0,0,0,0,0,0,0,3,3,430000,0,0,0,0,0,0,0,0,0
15,1,4,9,Hawaii County                 ,73,73,25350096,0,0,0,0,0,0,1,10,964626,0,0,0,0,0,0,0,0,0,0,0,0
15,3,4,9,Honolulu County               ,94,94,23548234,4,8,720000,3,12,970000,0,0,0,94,94,23548234,4,8,720000,3,12,970000,0,0,0
15,7,4,9,Kauai County                  ,17,17,5829400,0,0,0,0,0,0,0,0,0,17,17,5829400,0,0,0,0,0,0,0,0,0
15,9,4,9,Maui County                   ,21,21,4733041,0,0,0,0,0,0,0,0,0,21,21,4733041,0,0,0,0,0,0,0,0,0
16,1,4,8,Ada County                    ,155,155,28794305,0,0,0,0,0,0,0,0,0,128,128,22912049,0,0,0,0,0,0,0,0,0
16,15,4,8,Boise County                  ,3,3,394539,0,0,0,0,0,0,0,0,0,3,3,394539,0,0,0,0,0,0,0,0,0
16,27,4,8,Canyon County                 ,41,41,5763650,0,0,0,1,3,175388,0,0,0,17,17,2813262,0,0,0,0,0,0,0,0,0
16,45,4,8,Gem County                    ,2,2,303735,0,0,0,0,0,0,0,0,0,2,2,303735,0,0,0,0,0,0,0,0,0
16,73,4,8,Owyhee County                 ,1,1,271219,0,0,0,0,0,0,0,0,0,0,0,0,0,0,0,0,0,0,0,0,0
17,5,2,3,Bond County                   ,1,1,159544,0,0,0,0,0,0,0,0,0,0,0,0,0,0,0,0,0,0,0,0,0
17,13,2,3,Calhoun County                ,2,2,150000,0,0,0,0,0,0,0,0,0,2,2,150000,0,0,0,0,0,0,0,0,0
17,27,2,3,Clinton County                ,16,16,3315875,0,0,0,0,0,0,0,0,0,13,13,2649480,0,0,0,0,0,0,0,0,0
17,31,2,3,Cook County                   ,45,45,19483201,1,2,300000,3,9,1005000,2,16,1898074,34,34,15528720,1,2,300000,3,9,1005000,1,8,1300000
17,37,2,3,DeKalb County                 ,11,11,1889625,0,0,0,0,0,0,0,0,0,7,7,1257900,0,0,0,0,0,0,0,0,0
17,39,2,3,De Witt County                ,0,0,0,0,0,0,0,0,0,0,0,0,0,0,0,0,0,0,0,0,0,0,0,0
17,43,2,3,DuPage County                 ,33,33,12595011,0,0,0,0,0,0,1,5,455909,18,18,8627313,0,0,0,0,0,0,0,0,0
17,63,2,3,Grundy County                 ,5,5,757120,0,0,0,0,0,0,1,5,256410,3,3,425000,0,0,0,0,0,0,0,0,0
17,83,2,3,Jersey County                 ,4,4,524232,0,0,0,0,0,0,0,0,0,3,3,392061,0,0,0,0,0,0,0,0,0
17,89,2,3,Kane County                   ,51,51,7914858,0,0,0,0,0,0,0,0,0,36,36,5561030,0,0,0,0,0,0,0,0,0
17,93,2,3,Kendall County                ,17,17,2979322,0,0,0,0,0,0,0,0,0,4,4,1065000,0,0,0,0,0,0,0,0,0
17,97,2,3,Lake County                   ,40,40,14273037,1,2,236880,0,0,0,1,6,1410000,20,20,8121907,0,0,0,0,0,0,1,6,1410000
17,111,2,3,McHenry County                ,37,37,5815114,0,0,0,0,0,0,0,0,0,19,19,3198541,0,0,0,0,0,0,0,0,0
17,117,2,3,Macoupin County               ,5,5,1173595,0,0,0,0,0,0,0,0,0,2,2,573000,0,0,0,0,0,0,0,0,0
17,119,2,3,Madison County                ,35,35,6607785,0,0,0,0,0,0,1,54,5300000,25,25,4680046,0,0,0,0,0,0,1,54,5300000
17,133,2,3,Monroe County                 ,12,12,2103324,0,0,0,0,0,0,0,0,0,8,8,1302134,0,0,0,0,0,0,0,0,0
17,163,2,3,St. Clair County              ,57,57,10771529,0,0,0,0,0,0,1,16,850000,29,29,5004300,0,0,0,0,0,0,1,16,850000
17,197,2,3,Will County                   ,36,36,11458310,0,0,0,0,0,0,0,0,0,25,25,9255421,0,0,0,0,0,0,0,0,0
18,1,2,3,Adams County                  ,8,8,737000,0,0,0,0,0,0,0,0,0,8,8,737000,0,0,0,0,0,0,0,0,0
18,3,2,3,Allen County                  ,66,66,13618374,0,0,0,0,0,0,0,0,0,66,66,13618374,0,0,0,0,0,0,0,0,0
18,11,2,3,Boone County                  ,20,20,4377864,0,0,0,0,0,0,0,0,0,19,19,4254504,0,0,0,0,0,0,0,0,0
18,13,2,3,Brown County                  ,17,17,3507763,0,0,0,0,0,0,0,0,0,17,17,3507763,0,0,0,0,0,0,0,0,0
18,19,2,3,Clark County                  ,30,30,3700869,0,0,0,5,15,548000,0,0,0,28,28,3342678,0,0,0,5,15,548000,0,0,0
18,29,2,3,Dearborn County               ,8,8,1497600,0,0,0,0,0,0,0,0,0,8,8,1497600,0,0,0,0,0,0,0,0,0
18,43,2,3,Floyd County                  ,13,13,3149777,0,0,0,0,0,0,0,0,0,11,11,2859000,0,0,0,0,0,0,0,0,0
18,47,2,3,Franklin County               ,4,4,690000,0,0,0,0,0,0,0,0,0,4,4,690000,0,0,0,0,0,0,0,0,0
18,49,2,3,Fulton County                 ,2,2,444000,0,0,0,0,0,0,0,0,0,2,2,444000,0,0,0,0,0,0,0,0,0
18,57,2,3,Hamilton County               ,122,122,23401672,0,0,0,1,4,421388,5,61,5708685,121,121,23198594,0,0,0,1,4,421388,5,61,5708685
18,59,2,3,Hancock County                ,16,16,3213987,0,0,0,0,0,0,1,8,392064,11,11,2462437,0,0,0,0,0,0,0,0,0
18,61,2,3,Harrison County               ,14,14,2888746,0,0,0,0,0,0,0,0,0,14,14,2888746,0,0,0,0,0,0,0,0,0
18,63,2,3,Hendricks County              ,69,69,13839118,0,0,0,0,0,0,0,0,0,56,56,11295956,0,0,0,0,0,0,0,0,0
18,65,2,3,Henry County                  ,1,1,226961,0,0,0,0,0,0,0,0,0,1,1,226961,0,0,0,0,0,0,0,0,0
18,69,2,3,Huntington County             ,2,2,295433,0,0,0,0,0,0,0,0,0,2,2,295433,0,0,0,0,0,0,0,0,0
18,73,2,3,Jasper County                 ,6,6,1079017,0,0,0,0,0,0,0,0,0,6,6,1079017,0,0,0,0,0,0,0,0,0
18,79,2,3,Jennings County               ,4,4,682000,0,0,0,0,0,0,0,0,0,4,4,682000,0,0,0,0,0,0,0,0,0
18,81,2,3,Johnson County                ,35,35,9178106,0,0,0,0,0,0,1,10,533090,33,33,8946968,0,0,0,0,0,0,0,0,0
18,87,2,3,Lagrange County               ,9,9,1371196,0,0,0,0,0,0,0,0,0,0,0,0,0,0,0,0,0,0,0,0,0
18,89,2,3,Lake County                   ,72,72,14721494,3,6,492470,0,0,0,1,6,306818,65,65,13406665,2,4,305786,0,0,0,0,0,0
18,97,2,3,Marion County                 ,63,63,10581679,3,6,498000,0,0,0,0,0,0,54,54,9220093,3,6,498000,0,0,0,0,0,0
18,105,2,3,Monroe County                 ,19,19,3193820,2,4,398009,1,4,293406,0,0,0,19,19,3193820,2,4,398009,1,4,293406,0,0,0
18,109,2,3,Morgan County                 ,2,2,350000,0,0,0,0,0,0,0,0,0,2,2,350000,0,0,0,0,0,0,0,0,0
18,111,2,3,Newton County                 ,1,1,200000,0,0,0,0,0,0,0,0,0,1,1,200000,0,0,0,0,0,0,0,0,0
18,115,2,3,Ohio County                   ,2,2,124900,0,0,0,0,0,0,0,0,0,2,2,124900,0,0,0,0,0,0,0,0,0
18,125,2,3,Pike County                   ,3,3,600000,0,0,0,0,0,0,0,0,0,3,3,600000,0,0,0,0,0,0,0,0,0
18,127,2,3,Porter County                 ,15,15,4443607,0,0,0,0,0,0,0,0,0,12,12,4058434,0,0,0,0,0,0,0,0,0
18,133,2,3,Putnam County                 ,4,4,1056000,0,0,0,0,0,0,0,0,0,4,4,1056000,0,0,0,0,0,0,0,0,0
18,145,2,3,Shelby County                 ,3,3,395000,0,0,0,1,3,0,0,0,0,3,3,395000,0,0,0,0,0,0,0,0,0
18,155,2,3,Switzerland County            ,5,5,291331,0,0,0,0,0,0,0,0,0,0,0,0,0,0,0,0,0,0,0,0,0
18,157,2,3,Tippecanoe County             ,35,35,6625533,0,0,0,1,4,359534,0,0,0,35,35,6625533,0,0,0,1,4,359534,0,0,0
18,163,2,3,Vanderburgh County            ,19,19,2430734,0,0,0,0,0,0,0,0,0,0,0,0,0,0,0,0,0,0,0,0,0
18,167,2,3,Vigo County                   ,11,11,3323034,0,0,0,0,0,0,0,0,0,11,11,3323034,0,0,0,0,0,0,0,0,0
18,175,2,3,Washington County             ,1,1,120000,0,0,0,0,0,0,0,0,0,1,1,120000,0,0,0,0,0,0,0,0,0
18,179,2,3,Wells County                  ,3,3,619017,0,0,0,0,0,0,0,0,0,3,3,619017,0,0,0,0,0,0,0,0,0
18,181,2,3,White County                  ,3,3,824000,0,0,0,0,0,0,0,0,0,3,3,824000,0,0,0,0,0,0,0,0,0
18,183,2,3,Whitley County                ,6,6,1268000,0,0,0,0,0,0,0,0,0,6,6,1268000,0,0,0,0,0,0,0,0,0
19,49,2,4,Dallas County                 ,26,26,6513942,0,0,0,0,0,0,0,0,0,24,24,6231775,0,0,0,0,0,0,0,0,0
19,77,2,4,Guthrie County                ,1,1,135000,0,0,0,0,0,0,0,0,0,0,0,0,0,0,0,0,0,0,0,0,0
19,85,2,4,Harrison County               ,2,2,330000,0,0,0,0,0,0,0,0,0,2,2,330000,0,0,0,0,0,0,0,0,0
19,121,2,4,Madison County                ,3,3,509161,0,0,0,0,0,0,0,0,0,1,1,145000,0,0,0,0,0,0,0,0,0
19,129,2,4,Mills County                  ,0,0,0,0,0,0,0,0,0,0,0,0,0,0,0,0,0,0,0,0,0,0,0,0
19,153,2,4,Polk County                   ,164,164,32200266,0,0,0,1,4,629512,0,0,0,164,164,32200266,0,0,0,1,4,629512,0,0,0
19,155,2,4,Pottawattamie County          ,19,19,2994113,0,0,0,0,0,0,0,0,0,19,19,2994113,0,0,0,0,0,0,0,0,0
19,181,2,4,Warren County                 ,21,21,3760771,0,0,0,0,0,0,0,0,0,21,21,3760771,0,0,0,0,0,0,0,0,0
20,55,2,4,Finney County                 ,2,2,276290,0,0,0,0,0,0,0,0,0,2,2,276290,0,0,0,0,0,0,0,0,0
20,59,2,4,Franklin County               ,2,2,346583,0,0,0,0,0,0,0,0,0,2,2,346583,0,0,0,0,0,0,0,0,0
20,63,2,4,Gove County                   ,0,0,0,0,0,0,0,0,0,0,0,0,0,0,0,0,0,0,0,0,0,0,0,0
20,91,2,4,Johnson County                ,67,67,16712515,0,0,0,0,0,0,15,201,12874272,59,59,14856109,0,0,0,0,0,0,15,201,12874272
20,103,2,4,Leavenworth County            ,13,13,1817400,0,0,0,1,3,184850,0,0,0,6,6,826495,0,0,0,1,3,184850,0,0,0
20,107,2,4,Linn County                   ,2,2,384893,0,0,0,0,0,0,0,0,0,0,0,0,0,0,0,0,0,0,0,0,0
20,121,2,4,Miami County                  ,6,6,1624778,0,0,0,0,0,0,0,0,0,2,2,388693,0,0,0,0,0,0,0,0,0
20,129,2,4,Morton County                 ,0,0,0,0,0,0,0,0,0,0,0,0,0,0,0,0,0,0,0,0,0,0,0,0
20,151,2,4,Pratt County                  ,0,0,0,0,0,0,0,0,0,0,0,0,0,0,0,0,0,0,0,0,0,0,0,0
20,183,2,4,Smith County                  ,0,0,0,0,0,0,0,0,0,0,0,0,0,0,0,0,0,0,0,0,0,0,0,0
20,209,2,4,Wyandotte County              ,14,14,2027658,0,0,0,0,0,0,0,0,0,2,2,240000,0,0,0,0,0,0,0,0,0
21,5,3,6,Anderson County               ,6,6,395000,0,0,0,0,0,0,0,0,0,6,6,395000,0,0,0,0,0,0,0,0,0
21,15,3,6,Boone County                  ,51,51,9186329,2,4,272370,0,0,0,0,0,0,51,51,9186329,2,4,272370,0,0,0,0,0,0
21,21,3,6,Boyle County                  ,2,2,465000,0,0,0,1,4,400000,1,8,550000,2,2,465000,0,0,0,1,4,400000,1,8,550000
21,29,3,6,Bullitt County                ,42,42,6609353,0,0,0,0,0,0,0,0,0,42,42,6609353,0,0,0,0,0,0,0,0,0
21,37,3,6,Campbell County               ,12,12,1719398,0,0,0,0,0,0,0,0,0,7,7,965198,0,0,0,0,0,0,0,0,0
21,49,3,6,Clark County                  ,6,6,983545,0,0,0,0,0,0,0,0,0,0,0,0,0,0,0,0,0,0,0,0,0
21,59,3,6,Daviess County                ,27,27,2442408,0,0,0,0,0,0,0,0,0,27,27,2442408,0,0,0,0,0,0,0,0,0
21,67,3,6,Fayette County                ,101,101,8295574,0,0,0,0,0,0,5,120,5000000,101,101,8295574,0,0,0,0,0,0,5,120,5000000
21,77,3,6,Gallatin County               ,4,4,258071,0,0,0,0,0,0,0,0,0,4,4,258071,0,0,0,0,0,0,0,0,0
21,81,3,6,Grant County                  ,4,4,553677,0,0,0,0,0,0,0,0,0,0,0,0,0,0,0,0,0,0,0,0,0
21,103,3,6,Henry County                  ,3,3,553000,0,0,0,0,0,0,0,0,0,3,3,553000,0,0,0,0,0,0,0,0,0
21,111,3,6,Jefferson County              ,79,79,15783422,0,0,0,0,0,0,1,8,200050,79,79,15783422,0,0,0,0,0,0,1,8,200050
21,113,3,6,Jessamine County              ,11,11,3686000,0,0,0,0,0,0,0,0,0,11,11,3686000,0,0,0,0,0,0,0,0,0
21,117,3,6,Kenton County                 ,43,43,5507892,0,0,0,0,0,0,1,5,126686,37,37,4976911,0,0,0,0,0,0,0,0,0
21,137,3,6,Lincoln County                ,6,6,1062679,0,0,0,0,0,0,0,0,0,6,6,1062679,0,0,0,0,0,0,0,0,0
21,151,3,6,Madison County                ,13,13,1072744,0,0,0,0,0,0,1,10,450000,6,6,462000,0,0,0,0,0,0,1,10,450000
21,157,3,6,Marshall County               ,2,2,223725,0,0,0,0,0,0,1,5,277778,0,0,0,0,0,0,0,0,0,0,0,0
21,163,3,6,Meade County                  ,7,7,815000,0,0,0,0,0,0,0,0,0,7,7,815000,0,0,0,0,0,0,0,0,0
21,167,3,6,Mercer County                 ,2,2,375000,0,0,0,0,0,0,0,0,0,2,2,375000,0,0,0,0,0,0,0,0,0
21,179,3,6,Nelson County                 ,16,16,1812000,0,0,0,0,0,0,0,0,0,16,16,1812000,0,0,0,0,0,0,0,0,0
21,185,3,6,Oldham County                 ,13,13,3542362,0,0,0,0,0,0,0,0,0,0,0,0,0,0,0,0,0,0,0,0,0
21,191,3,6,Pendleton County              ,0,0,0,0,0,0,0,0,0,0,0,0,0,0,0,0,0,0,0,0,0,0,0,0
21,205,3,6,Rowan County                  ,0,0,0,0,0,0,0,0,0,0,0,0,0,0,0,0,0,0,0,0,0,0,0,0
21,209,3,6,Scott County                  ,25,25,3133500,0,0,0,0,0,0,0,0,0,25,25,3133500,0,0,0,0,0,0,0,0,0
21,211,3,6,Shelby County                 ,12,12,1888800,0,0,0,0,0,0,0,0,0,12,12,1888800,0,0,0,0,0,0,0,0,0
21,213,3,6,Simpson County                ,3,3,379083,0,0,0,0,0,0,0,0,0,0,0,0,0,0,0,0,0,0,0,0,0
21,215,3,6,Spencer County                ,25,25,4503102,0,0,0,0,0,0,0,0,0,25,25,4503102,0,0,0,0,0,0,0,0,0
21,221,3,6,Trigg County                  ,1,1,122000,0,0,0,0,0,0,0,0,0,1,1,122000,0,0,0,0,0,0,0,0,0
21,239,3,6,Woodford County               ,8,8,1604000,0,0,0,0,0,0,0,0,0,8,8,1604000,0,0,0,0,0,0,0,0,0
22,9,3,7,Avoyelles Parish              ,3,3,350757,0,0,0,0,0,0,0,0,0,0,0,0,0,0,0,0,0,0,0,0,0
22,39,3,7,Evangeline Parish             ,8,8,1514330,0,0,0,0,0,0,0,0,0,8,8,1514330,0,0,0,0,0,0,0,0,0
22,51,3,7,Jefferson Parish              ,26,26,4390314,0,0,0,0,0,0,0,0,0,23,23,3898145,0,0,0,0,0,0,0,0,0
22,71,3,7,Orleans Parish                ,89,89,11018488,12,24,1370815,0,0,0,0,0,0,89,89,11018488,12,24,1370815,0,0,0,0,0,0
22,75,3,7,Plaquemines Parish            ,2,2,67200,0,0,0,0,0,0,0,0,0,2,2,67200,0,0,0,0,0,0,0,0,0
22,77,3,7,Pointe Coupee Parish          ,3,3,475230,0,0,0,0,0,0,0,0,0,3,3,475230,0,0,0,0,0,0,0,0,0
22,87,3,7,St. Bernard Parish            ,0,0,0,0,0,0,0,0,0,0,0,0,0,0,0,0,0,0,0,0,0,0,0,0
22,89,3,7,St. Charles Parish            ,11,11,1915450,0,0,0,0,0,0,0,0,0,11,11,1915450,0,0,0,0,0,0,0,0,0
22,91,3,7,St. Helena Parish             ,1,1,150000,0,0,0,0,0,0,0,0,0,0,0,0,0,0,0,0,0,0,0,0,0
22,95,3,7,St. John the Baptist Parish   ,17,17,2537850,0,0,0,0,0,0,0,0,0,17,17,2537850,0,0,0,0,0,0,0,0,0
22,103,3,7,St. Tammany Parish            ,63,63,13782927,0,0,0,0,0,0,0,0,0,63,63,13782927,0,0,0,0,0,0,0,0,0
22,109,3,7,Terrebonne Parish             ,21,21,5492987,0,0,0,0,0,0,0,0,0,21,21,5492987,0,0,0,0,0,0,0,0,0
22,117,3,7,Washington Parish             ,10,10,1867272,0,0,0,0,0,0,0,0,0,10,10,1867272,0,0,0,0,0,0,0,0,0
23,0,1,1,Maine Unorganized Territory   ,8,8,1062401,0,0,0,0,0,0,0,0,0,0,0,0,0,0,0,0,0,0,0,0,0
24,3,3,5,Anne Arundel County           ,74,74,13460141,0,0,0,0,0,0,1,27,2199702,73,73,13149059,0,0,0,0,0,0,1,27,2199702
24,5,3,5,Baltimore County              ,43,43,7745336,0,0,0,0,0,0,0,0,0,43,43,7745336,0,0,0,0,0,0,0,0,0
24,9,3,5,Calvert County                ,14,14,2521737,0,0,0,0,0,0,0,0,0,14,14,2521737,0,0,0,0,0,0,0,0,0
24,13,3,5,Carroll County                ,13,13,2341613,0,0,0,0,0,0,0,0,0,13,13,2341613,0,0,0,0,0,0,0,0,0
24,15,3,5,Cecil County                  ,18,18,3213557,0,0,0,0,0,0,1,13,1119757,0,0,0,0,0,0,0,0,0,0,0,0
24,17,3,5,Charles County                ,25,25,5476116,0,0,0,0,0,0,0,0,0,25,25,5476116,0,0,0,0,0,0,0,0,0
24,21,3,5,Frederick County              ,44,44,8515533,0,0,0,0,0,0,0,0,0,10,10,1616685,0,0,0,0,0,0,0,0,0
24,23,3,5,Garrett County                ,18,18,4633105,0,0,0,0,0,0,0,0,0,18,18,4633105,0,0,0,0,0,0,0,0,0
24,25,3,5,Harford County                ,84,84,14849249,0,0,0,0,0,0,0,0,0,84,84,14849249,0,0,0,0,0,0,0,0,0
24,27,3,5,Howard County                 ,51,51,12435258,0,0,0,0,0,0,1,10,1614662,0,0,0,0,0,0,0,0,0,0,0,0
24,31,3,5,Montgomery County             ,73,73,19010769,0,0,0,0,0,0,1,12,2210526,0,0,0,0,0,0,0,0,0,0,0,0
24,33,3,5,Prince George County          ,52,52,4184668,0,0,0,0,0,0,0,0,0,49,49,3277000,0,0,0,0,0,0,0,0,0
24,35,3,5,Queen Anne County             ,18,18,2382000,0,0,0,0,0,0,0,0,0,18,18,2382000,0,0,0,0,0,0,0,0,0
24,510,3,5,Baltimore (Independent City)  ,11,11,1537196,0,0,0,0,0,0,1,33,2644360,0,0,0,0,0,0,0,0,0,0,0,0
25,9,1,1,Essex County                  ,30,30,7579691,1,2,306667,1,3,765661,3,46,5579826,19,19,4547409,0,0,0,0,0,0,1,36,4700000
25,17,1,1,Middlesex County              ,102,102,28008300,1,2,252860,0,0,0,1,150,21755000,79,79,24090832,1,2,252860,0,0,0,1,150,21755000
25,19,1,1,Nantucket County              ,2,2,460000,0,0,0,0,0,0,0,0,0,2,2,460000,0,0,0,0,0,0,0,0,0
25,21,1,1,Norfolk County                ,32,32,11230999,1,2,210000,2,6,856000,2,13,1102149,23,23,7935806,1,2,210000,2,6,856000,0,0,0
25,23,1,1,Plymouth County               ,46,46,8210091,1,2,324362,0,0,0,1,5,176672,19,19,3993100,0,0,0,0,0,0,0,0,0
25,25,1,1,Suffolk County                ,3,3,594968,3,6,650000,2,6,675000,1,8,1064199,2,2,450617,3,6,650000,2,6,675000,0,0,0
26,0,2,3,Michigan Balance of State     ,17,17,1903184,0,0,0,0,0,0,0,0,0,17,17,1903184,0,0,0,0,0,0,0,0,0
26,1,2,3,Alcona County                 ,3,3,303290,0,0,0,0,0,0,0,0,0,0,0,0,0,0,0,0,0,0,0,0,0
26,9,2,3,Antrim County                 ,6,6,939034,0,0,0,0,0,0,0,0,0,6,6,939034,0,0,0,0,0,0,0,0,0
26,15,2,3,Barry County                  ,8,8,932520,0,0,0,0,0,0,0,0,0,0,0,0,0,0,0,0,0,0,0,0,0
26,19,2,3,Benzie County                 ,1,1,330000,0,0,0,0,0,0,0,0,0,1,1,330000,0,0,0,0,0,0,0,0,0
26,29,2,3,Charlevoix County             ,22,22,3211053,0,0,0,0,0,0,0,0,0,0,0,0,0,0,0,0,0,0,0,0,0
26,31,2,3,Cheboygan County              ,3,3,522000,0,0,0,0,0,0,0,0,0,3,3,522000,0,0,0,0,0,0,0,0,0
26,47,2,3,Emmet County                  ,4,4,1638790,0,0,0,0,0,0,0,0,0,4,4,1638790,0,0,0,0,0,0,0,0,0
26,51,2,3,Gladwin County                ,4,4,672383,0,0,0,0,0,0,0,0,0,4,4,672383,0,0,0,0,0,0,0,0,0
26,59,2,3,Hillsdale County              ,4,4,571002,0,0,0,0,0,0,0,0,0,0,0,0,0,0,0,0,0,0,0,0,0
26,67,2,3,Ionia County                  ,6,6,929542,0,0,0,0,0,0,0,0,0,0,0,0,0,0,0,0,0,0,0,0,0
26,79,2,3,Kalkaska County               ,3,3,240000,0,0,0,0,0,0,0,0,0,3,3,240000,0,0,0,0,0,0,0,0,0
26,81,2,3,Kent County                   ,84,84,15131655,0,0,0,0,0,0,0,0,0,80,80,14628449,0,0,0,0,0,0,0,0,0
26,87,2,3,Lapeer County                 ,8,8,749000,0,0,0,0,0,0,0,0,0,8,8,749000,0,0,0,0,0,0,0,0,0
26,89,2,3,Leelanau County               ,2,2,382640,0,0,0,0,0,0,0,0,0,2,2,382640,0,0,0,0,0,0,0,0,0
26,93,2,3,Livingston County             ,7,7,1601641,0,0,0,0,0,0,0,0,0,5,5,1397478,0,0,0,0,0,0,0,0,0
26,99,2,3,Macomb County                 ,48,48,11222458,1,2,280500,0,0,0,1,5,540965,41,41,9465713,0,0,0,0,0,0,0,0,0
26,103,2,3,Marquette County              ,12,12,1433000,0,0,0,0,0,0,0,0,0,12,12,1433000,0,0,0,0,0,0,0,0,0
26,113,2,3,Missaukee County              ,3,3,472641,0,0,0,0,0,0,0,0,0,0,0,0,0,0,0,0,0,0,0,0,0
26,123,2,3,Newaygo County                ,4,4,317344,0,0,0,0,0,0,0,0,0,2,2,167600,0,0,0,0,0,0,0,0,0
26,125,2,3,Oakland County                ,52,52,12284115,0,0,0,0,0,0,0,0,0,36,36,8957168,0,0,0,0,0,0,0,0,0
26,129,2,3,Ogemaw County                 ,6,6,554123,0,0,0,0,0,0,0,0,0,0,0,0,0,0,0,0,0,0,0,0,0
26,133,2,3,Osceola County                ,5,5,464765,0,0,0,0,0,0,0,0,0,5,5,464765,0,0,0,0,0,0,0,0,0
26,137,2,3,Otsego County                 ,5,5,1167144,0,0,0,0,0,0,0,0,0,0,0,0,0,0,0,0,0,0,0,0,0
26,141,2,3,Presque Isle County           ,5,5,345000,0,0,0,0,0,0,0,0,0,5,5,345000,0,0,0,0,0,0,0,0,0
26,147,2,3,St. Clair County              ,8,8,1541522,0,0,0,0,0,0,0,0,0,6,6,1321970,0,0,0,0,0,0,0,0,0
26,163,2,3,Wayne County                  ,29,29,5284088,0,0,0,0,0,0,0,0,0,25,25,4293978,0,0,0,0,0,0,0,0,0
27,3,2,4,Anoka County                  ,51,51,9690098,0,0,0,0,0,0,0,0,0,50,50,9485098,0,0,0,0,0,0,0,0,0
27,19,2,4,Carver County                 ,25,25,7630023,0,0,0,0,0,0,0,0,0,25,25,7630023,0,0,0,0,0,0,0,0,0
27,25,2,4,Chisago County                ,5,5,809806,0,0,0,0,0,0,0,0,0,5,5,809806,0,0,0,0,0,0,0,0,0
27,37,2,4,Dakota County                 ,50,50,12594443,0,0,0,0,0,0,0,0,0,47,47,11696310,0,0,0,0,0,0,0,0,0
27,53,2,4,Hennepin County               ,48,48,16765968,1,2,400000,1,3,485108,1,10,120398,46,46,15092275,1,2,400000,1,3,485108,1,10,120398
27,59,2,4,Isanti County                 ,1,1,140000,0,0,0,0,0,0,0,0,0,1,1,140000,0,0,0,0,0,0,0,0,0
27,123,2,4,Ramsey County                 ,5,5,1723722,0,0,0,0,0,0,0,0,0,4,4,997972,0,0,0,0,0,0,0,0,0
27,139,2,4,Scott County                  ,78,78,15600314,0,0,0,0,0,0,0,0,0,68,68,13381964,0,0,0,0,0,0,0,0,0
27,141,2,4,Sherburne County              ,7,7,1635213,0,0,0,0,0,0,0,0,0,7,7,1635213,0,0,0,0,0,0,0,0,0
27,163,2,4,Washington County             ,41,41,11415583,0,0,0,0,0,0,2,16,1953000,40,40,11165614,0,0,0,0,0,0,2,16,1953000
27,171,2,4,Wright County                 ,28,28,5034412,0,0,0,0,0,0,0,0,0,14,14,2712551,0,0,0,0,0,0,0,0,0
28,21,3,6,Claiborne County              ,0,0,0,0,0,0,0,0,0,0,0,0,0,0,0,0,0,0,0,0,0,0,0,0
28,33,3,6,DeSoto County                 ,59,59,7196669,0,0,0,0,0,0,0,0,0,51,51,5908025,0,0,0,0,0,0,0,0,0
28,39,3,6,George County                 ,0,0,0,0,0,0,0,0,0,0,0,0,0,0,0,0,0,0,0,0,0,0,0,0
28,71,3,6,Lafayette County              ,5,5,425050,0,0,0,0,0,0,0,0,0,5,5,425050,0,0,0,0,0,0,0,0,0
28,91,3,6,Marion County                 ,0,0,0,0,0,0,0,0,0,0,0,0,0,0,0,0,0,0,0,0,0,0,0,0
28,93,3,6,Marshall County               ,7,7,1628000,0,0,0,0,0,0,0,0,0,7,7,1628000,0,0,0,0,0,0,0,0,0
28,137,3,6,Tate County                   ,6,6,591877,0,0,0,0,0,0,0,0,0,0,0,0,0,0,0,0,0,0,0,0,0
28,143,3,6,Tunica County                 ,2,2,106312,0,0,0,0,0,0,0,0,0,0,0,0,0,0,0,0,0,0,0,0,0
28,153,3,6,Wayne County                  ,1,1,120000,0,0,0,0,0,0,0,0,0,1,1,120000,0,0,0,0,0,0,0,0,0
29,1,2,4,Adair County                  ,1,1,187120,0,0,0,0,0,0,0,0,0,1,1,187120,0,0,0,0,0,0,0,0,0
29,13,2,4,Bates County                  ,0,0,0,0,0,0,0,0,0,0,0,0,0,0,0,0,0,0,0,0,0,0,0,0
29,19,2,4,Boone County                  ,43,43,7218167,1,2,165000,0,0,0,1,5,404301,15,15,2408500,1,2,165000,0,0,0,0,0,0
29,25,2,4,Caldwell County               ,1,1,201682,0,0,0,0,0,0,0,0,0,0,0,0,0,0,0,0,0,0,0,0,0
29,37,2,4,Cass County                   ,11,11,2338612,0,0,0,0,0,0,0,0,0,9,9,2076234,0,0,0,0,0,0,0,0,0
29,47,2,4,Clay County                   ,13,13,2125414,0,0,0,0,0,0,0,0,0,13,13,2125414,0,0,0,0,0,0,0,0,0
29,49,2,4,Clinton County                ,4,4,711896,0,0,0,0,0,0,0,0,0,0,0,0,0,0,0,0,0,0,0,0,0
29,65,2,4,Dent County                   ,0,0,0,0,0,0,0,0,0,0,0,0,0,0,0,0,0,0,0,0,0,0,0,0
29,71,2,4,Franklin County               ,17,17,3578699,0,0,0,0,0,0,0,0,0,3,3,434509,0,0,0,0,0,0,0,0,0
29,79,2,4,Grundy County                 ,3,3,200000,0,0,0,0,0,0,0,0,0,3,3,200000,0,0,0,0,0,0,0,0,0
29,95,2,4,Jackson County                ,52,52,9889882,0,0,0,2,8,320000,3,44,1448207,52,52,9889882,0,0,0,2,8,320000,3,44,1448207
29,99,2,4,Jefferson County              ,66,66,8415799,0,0,0,1,4,275280,0,0,0,66,66,8415799,0,0,0,1,4,275280,0,0,0
29,105,2,4,Laclede County                ,2,2,199583,0,0,0,0,0,0,0,0,0,0,0,0,0,0,0,0,0,0,0,0,0
29,107,2,4,Lafayette County              ,4,4,802742,0,0,0,0,0,0,0,0,0,0,0,0,0,0,0,0,0,0,0,0,0
29,113,2,4,Lincoln County                ,6,6,606339,1,2,50000,2,8,719068,0,0,0,6,6,606339,1,2,50000,2,8,719068,0,0,0
29,141,2,4,Morgan County                 ,0,0,0,0,0,0,0,0,0,0,0,0,0,0,0,0,0,0,0,0,0,0,0,0
29,161,2,4,Phelps County                 ,1,1,296280,0,0,0,0,0,0,0,0,0,1,1,296280,0,0,0,0,0,0,0,0,0
29,165,2,4,Platte County                 ,13,13,3777888,0,0,0,0,0,0,0,0,0,13,13,3777888,0,0,0,0,0,0,0,0,0
29,177,2,4,Ray County                    ,3,3,638980,0,0,0,0,0,0,0,0,0,1,1,270000,0,0,0,0,0,0,0,0,0
29,183,2,4,St. Charles County            ,149,149,27462002,0,0,0,2,6,472300,1,12,1414250,139,139,24237607,0,0,0,2,6,472300,1,12,1414250
29,189,2,4,St. Louis County              ,49,49,19682821,0,0,0,0,0,0,0,0,0,12,12,5186552,0,0,0,0,0,0,0,0,0
29,219,2,4,Warren County                 ,9,9,1483034,0,0,0,0,0,0,0,0,0,9,9,1483034,0,0,0,0,0,0,0,0,0
29,221,2,4,Washington County             ,0,0,0,0,0,0,0,0,0,0,0,0,0,0,0,0,0,0,0,0,0,0,0,0
29,510,2,4,St. Louis (Independent City)  ,13,13,1450928,0,0,0,1,4,365709,1,5,2139675,0,0,0,0,0,0,0,0,0,0,0,0
30,23,4,8,Deer Lodge County             ,1,1,371340,0,0,0,0,0,0,0,0,0,1,1,371340,0,0,0,0,0,0,0,0,0
30,63,4,8,Missoula County               ,25,25,3119632,0,0,0,0,0,0,0,0,0,25,25,3119632,0,0,0,0,0,0,0,0,0
31,25,2,4,Cass County                   ,6,6,711915,0,0,0,0,0,0,0,0,0,6,6,711915,0,0,0,0,0,0,0,0,0
31,33,2,4,Cheyenne County               ,0,0,0,0,0,0,0,0,0,0,0,0,0,0,0,0,0,0,0,0,0,0,0,0
31,55,2,4,Douglas County                ,135,135,16206964,0,0,0,0,0,0,0,0,0,135,135,16206964,0,0,0,0,0,0,0,0,0
31,77,2,4,Greeley County                ,0,0,0,0,0,0,0,0,0,0,0,0,0,0,0,0,0,0,0,0,0,0,0,0
31,105,2,4,Kimball County                ,0,0,0,0,0,0,0,0,0,0,0,0,0,0,0,0,0,0,0,0,0,0,0,0
31,153,2,4,Sarpy County                  ,149,149,27945351,0,0,0,0,0,0,1,30,2860991,128,128,23680155,0,0,0,0,0,0,1,30,2860991
31,155,2,4,Saunders County               ,2,2,278270,0,0,0,0,0,0,0,0,0,2,2,278270,0,0,0,0,0,0,0,0,0
31,177,2,4,Washington County             ,1,1,113437,0,0,0,0,0,0,0,0,0,1,1,113437,0,0,0,0,0,0,0,0,0
32,1,4,8,Churchill County              ,1,1,132047,0,0,0,0,0,0,0,0,0,1,1,132047,0,0,0,0,0,0,0,0,0
32,3,4,8,Clark County                  ,424,424,46822092,0,0,0,8,24,2076464,39,325,16552619,424,424,46822092,0,0,0,8,24,2076464,39,325,16552619
32,5,4,8,Douglas County                ,2,2,822155,0,0,0,0,0,0,0,0,0,2,2,822155,0,0,0,0,0,0,0,0,0
32,7,4,8,Elko County                   ,12,12,1856400,0,0,0,0,0,0,0,0,0,12,12,1856400,0,0,0,0,0,0,0,0,0
32,13,4,8,Humboldt County               ,1,1,142580,0,0,0,0,0,0,0,0,0,1,1,142580,0,0,0,0,0,0,0,0,0
32,15,4,8,Lander County                 ,0,0,0,0,0,0,0,0,0,0,0,0,0,0,0,0,0,0,0,0,0,0,0,0
32,17,4,8,Lincoln County                ,1,1,185000,0,0,0,0,0,0,0,0,0,1,1,185000,0,0,0,0,0,0,0,0,0
32,19,4,8,Lyon County                   ,3,3,429963,0,0,0,0,0,0,0,0,0,3,3,429963,0,0,0,0,0,0,0,0,0
32,21,4,8,Mineral County                ,1,1,84890,0,0,0,0,0,0,0,0,0,1,1,84890,0,0,0,0,0,0,0,0,0
32,27,4,8,Pershing County               ,1,1,103488,0,0,0,0,0,0,0,0,0,1,1,103488,0,0,0,0,0,0,0,0,0
32,29,4,8,Storey County                 ,1,1,171269,0,0,0,0,0,0,0,0,0,1,1,171269,0,0,0,0,0,0,0,0,0
32,31,4,8,Washoe County                 ,37,37,9128907,0,0,0,0,0,0,0,0,0,25,25,5433615,0,0,0,0,0,0,0,0,0
32,33,4,8,White Pine County             ,1,1,181087,0,0,0,0,0,0,0,0,0,0,0,0,0,0,0,0,0,0,0,0,0
32,510,4,8,Carson City (Independent City),0,0,0,0,0,0,0,0,0,0,0,0,0,0,0,0,0,0,0,0,0,0,0,0
33,15,1,1,Rockingham County             ,41,41,9372990,0,0,0,1,4,480000,0,0,0,29,29,6488569,0,0,0,1,4,480000,0,0,0
33,17,1,1,Strafford County              ,15,15,2230512,1,2,260000,0,0,0,0,0,0,12,12,1669467,1,2,260000,0,0,0,0,0,0
34,1,1,2,Atlantic County               ,31,31,4664316,0,0,0,0,0,0,0,0,0,28,28,4154861,0,0,0,0,0,0,0,0,0
34,3,1,2,Bergen County                 ,56,56,24098593,3,6,508934,1,3,411281,3,15,1533924,22,22,12965180,2,4,325000,0,0,0,1,5,592500
34,5,1,2,Burlington County             ,32,32,5324622,0,0,0,0,0,0,0,0,0,15,15,2362176,0,0,0,0,0,0,0,0,0
34,7,1,2,Camden County                 ,14,14,2109710,0,0,0,0,0,0,1,7,680434,5,5,731950,0,0,0,0,0,0,0,0,0
34,9,1,2,Cape May County               ,20,20,6662449,2,4,644000,0,0,0,0,0,0,17,17,6274670,2,4,644000,0,0,0,0,0,0
34,11,1,2,Cumberland County             ,23,23,2513750,0,0,0,0,0,0,0,0,0,15,15,1692295,0,0,0,0,0,0,0,0,0
34,13,1,2,Essex County                  ,26,26,5648931,3,6,588500,0,0,0,1,5,542943,17,17,4193700,3,6,588500,0,0,0,0,0,0
34,15,1,2,Gloucester County             ,61,61,8945910,0,0,0,0,0,0,0,0,0,39,39,6131977,0,0,0,0,0,0,0,0,0
34,17,1,2,Hudson County                 ,6,6,781457,1,2,440500,2,6,948500,3,27,3385713,0,0,0,1,2,440500,2,6,948500,0,0,0
34,19,1,2,Hunterdon County              ,13,13,3266518,0,0,0,0,0,0,0,0,0,9,9,2559280,0,0,0,0,0,0,0,0,0
34,21,1,2,Mercer County                 ,19,19,4190124,0,0,0,0,0,0,0,0,0,8,8,2744064,0,0,0,0,0,0,0,0,0
34,23,1,2,Middlesex County              ,54,54,9878560,0,0,0,0,0,0,4,72,838127,47,47,9085230,0,0,0,0,0,0,3,67,204000
34,25,1,2,Monmouth County               ,56,56,11653847,2,4,202000,0,0,0,14,72,3144307,34,34,8384530,2,4,202000,0,0,0,12,62,2184500
34,27,1,2,Morris County                 ,34,34,7156952,0,0,0,0,0,0,0,0,0,15,15,2174850,0,0,0,0,0,0,0,0,0
34,29,1,2,Ocean County                  ,72,72,12512265,1,2,1284,0,0,0,0,0,0,53,53,8494929,0,0,0,0,0,0,0,0,0
34,31,1,2,Passaic County                ,14,14,2699040,2,4,283620,0,0,0,3,15,920434,1,1,822897,0,0,0,0,0,0,0,0,0
34,33,1,2,Salem County                  ,6,6,820663,0,0,0,0,0,0,0,0,0,5,5,720841,0,0,0,0,0,0,0,0,0
34,35,1,2,Somerset County               ,19,19,2739251,0,0,0,0,0,0,0,0,0,10,10,1491500,0,0,0,0,0,0,0,0,0
34,37,1,2,Sussex County                 ,17,17,4065759,0,0,0,0,0,0,1,5,297872,9,9,2298328,0,0,0,0,0,0,0,0,0
34,39,1,2,Union County                  ,15,15,4992507,2,4,287310,0,0,0,2,10,516629,5,5,2841802,0,0,0,0,0,0,0,0,0
34,41,1,2,Warren County                 ,20,20,2775167,0,0,0,0,0,0,0,0,0,15,15,1900205,0,0,0,0,0,0,0,0,0
35,0,4,8,New Mexico Balance of State   ,75,75,17821454,0,0,0,0,0,0,0,0,0,0,0,0,0,0,0,0,0,0,0,0,0
35,1,4,8,Bernalillo County             ,84,84,14955657,0,0,0,0,0,0,1,12,941136,10,10,1920815,0,0,0,0,0,0,0,0,0
35,5,4,8,Chaves County                 ,4,4,997503,0,0,0,0,0,0,0,0,0,0,0,0,0,0,0,0,0,0,0,0,0
35,7,4,8,Colfax County                 ,0,0,0,0,0,0,0,0,0,0,0,0,0,0,0,0,0,0,0,0,0,0,0,0
35,9,4,8,Curry County                  ,19,19,4366249,0,0,0,0,0,0,0,0,0,19,19,4366249,0,0,0,0,0,0,0,0,0
35,13,4,8,Dona Ana County               ,87,87,14891402,0,0,0,0,0,0,0,0,0,69,69,10155488,0,0,0,0,0,0,0,0,0
35,15,4,8,Eddy County                   ,7,7,1194035,0,0,0,0,0,0,0,0,0,1,1,135000,0,0,0,0,0,0,0,0,0
35,25,4,8,Lea County                    ,2,2,274073,0,0,0,0,0,0,0,0,0,2,2,274073,0,0,0,0,0,0,0,0,0
35,27,4,8,Lincoln County                ,6,6,1049868,0,0,0,0,0,0,0,0,0,0,0,0,0,0,0,0,0,0,0,0,0
35,28,4,8,Los Alamos County             ,0,0,0,0,0,0,0,0,0,0,0,0,0,0,0,0,0,0,0,0,0,0,0,0
35,29,4,8,Luna County                   ,3,3,550645,0,0,0,0,0,0,0,0,0,0,0,0,0,0,0,0,0,0,0,0,0
35,31,4,8,McKinley County               ,0,0,0,0,0,0,0,0,0,0,0,0,0,0,0,0,0,0,0,0,0,0,0,0
35,35,4,8,Otero County                  ,0,0,0,0,0,0,0,0,0,0,0,0,0,0,0,0,0,0,0,0,0,0,0,0
35,39,4,8,Rio Arriba County             ,0,0,0,0,0,0,0,0,0,0,0,0,0,0,0,0,0,0,0,0,0,0,0,0
35,41,4,8,Roosevelt County              ,3,3,402000,0,0,0,0,0,0,0,0,0,3,3,402000,0,0,0,0,0,0,0,0,0
35,43,4,8,Sandoval County               ,67,67,10790296,0,0,0,0,0,0,0,0,0,67,67,10790296,0,0,0,0,0,0,0,0,0
35,45,4,8,San Juan County               ,18,18,3811000,0,0,0,0,0,0,0,0,0,18,18,3811000,0,0,0,0,0,0,0,0,0
35,49,4,8,Santa Fe County               ,10,10,1333652,0,0,0,0,0,0,0,0,0,0,0,0,0,0,0,0,0,0,0,0,0
35,51,4,8,Sierra County                 ,1,1,177000,0,0,0,0,0,0,0,0,0,0,0,0,0,0,0,0,0,0,0,0,0
35,53,4,8,Socorro County                ,2,2,220000,0,0,0,0,0,0,0,0,0,2,2,220000,0,0,0,0,0,0,0,0,0
35,55,4,8,Taos County                   ,7,7,767591,0,0,0,0,0,0,0,0,0,0,0,0,0,0,0,0,0,0,0,0,0
35,61,4,8,Valencia County               ,7,7,891620,0,0,0,0,0,0,0,0,0,0,0,0,0,0,0,0,0,0,0,0,0
36,5,1,2,Bronx County                  ,7,7,1577158,3,6,677957,6,18,1920436,2,177,19578183,7,7,1577158,3,6,677957,6,18,1920436,2,177,19578183
36,47,1,2,Kings County                  ,0,0,0,5,10,1129928,6,20,2133818,0,0,0,0,0,0,5,10,1129928,6,20,2133818,0,0,0
36,59,1,2,Nassau County                 ,34,34,15156776,1,2,323333,0,0,0,0,0,0,27,27,12502565,0,0,0,0,0,0,0,0,0
36,61,1,2,New York County               ,0,0,0,0,0,0,0,0,0,1,10,1106112,0,0,0,0,0,0,0,0,0,1,10,1106112
36,79,1,2,Putnam County                 ,6,6,1216400,0,0,0,0,0,0,0,0,0,6,6,1216400,0,0,0,0,0,0,0,0,0
36,81,1,2,Queens County                 ,6,6,1351850,10,20,2259856,4,15,1600363,5,94,10397453,6,6,1351850,10,20,2259856,4,15,1600363,5,94,10397453
36,85,1,2,Richmond County               ,6,6,1351850,12,24,2711827,0,0,0,1,39,4313837,6,6,1351850,12,24,2711827,0,0,0,1,39,4313837
36,87,1,2,Rockland County               ,6,6,1922707,0,0,0,0,0,0,0,0,0,5,5,1726040,0,0,0,0,0,0,0,0,0
36,103,1,2,Suffolk County                ,56,56,28169990,0,0,0,0,0,0,1,6,418500,43,43,25503516,0,0,0,0,0,0,1,6,418500
36,119,1,2,Westchester County            ,11,11,4018441,0,0,0,0,0,0,0,0,0,3,3,425000,0,0,0,0,0,0,0,0,0
37,3,3,5,Alexander County              ,14,14,1553400,0,0,0,0,0,0,0,0,0,14,14,1553400,0,0,0,0,0,0,0,0,0
37,7,3,5,Anson County                  ,2,2,370110,0,0,0,0,0,0,0,0,0,2,2,370110,0,0,0,0,0,0,0,0,0
37,9,3,5,Ashe County                   ,7,7,1216000,0,0,0,0,0,0,0,0,0,7,7,1216000,0,0,0,0,0,0,0,0,0
37,11,3,5,Avery County                  ,8,8,3065000,0,0,0,0,0,0,0,0,0,8,8,3065000,0,0,0,0,0,0,0,0,0
37,19,3,5,Brunswick County              ,153,153,28391416,0,0,0,0,0,0,0,0,0,59,59,11758701,0,0,0,0,0,0,0,0,0
37,25,3,5,Cabarrus County               ,46,46,7894342,7,14,1055985,0,0,0,11,298,16175700,46,46,7894342,7,14,1055985,0,0,0,11,298,16175700
37,27,3,5,Caldwell County               ,8,8,1414000,0,0,0,0,0,0,0,0,0,8,8,1414000,0,0,0,0,0,0,0,0,0
37,37,3,5,Chatham County                ,18,18,3121038,0,0,0,0,0,0,0,0,0,18,18,3121038,0,0,0,0,0,0,0,0,0
37,39,3,5,Cherokee County               ,11,11,1993732,0,0,0,0,0,0,0,0,0,11,11,1993732,0,0,0,0,0,0,0,0,0
37,49,3,5,Craven County                 ,33,33,4148792,0,0,0,0,0,0,0,0,0,16,16,2778033,0,0,0,0,0,0,0,0,0
37,53,3,5,Currituck County              ,6,6,1193000,0,0,0,0,0,0,0,0,0,6,6,1193000,0,0,0,0,0,0,0,0,0
37,59,3,5,Davie County                  ,3,3,1054020,0,0,0,0,0,0,0,0,0,3,3,1054020,0,0,0,0,0,0,0,0,0
37,63,3,5,Durham County                 ,86,86,16607699,1,2,113610,0,0,0,1,5,440141,0,0,0,0,0,0,0,0,0,0,0,0
37,67,3,5,Forsyth County                ,65,65,8318961,0,0,0,0,0,0,0,0,0,65,65,8318961,0,0,0,0,0,0,0,0,0
37,69,3,5,Franklin County               ,6,6,916783,0,0,0,0,0,0,0,0,0,6,6,916783,0,0,0,0,0,0,0,0,0
37,71,3,5,Gaston County                 ,48,48,10732100,0,0,0,0,0,0,0,0,0,48,48,10732100,0,0,0,0,0,0,0,0,0
37,81,3,5,Guilford County               ,100,100,18552499,0,0,0,0,0,0,3,30,1454723,66,66,10665668,0,0,0,0,0,0,3,30,1454723
37,89,3,5,Henderson County              ,28,28,4268659,0,0,0,0,0,0,0,0,0,28,28,4268659,0,0,0,0,0,0,0,0,0
37,93,3,5,Hoke County                   ,42,42,7438755,0,0,0,0,0,0,0,0,0,42,42,7438755,0,0,0,0,0,0,0,0,0
37,97,3,5,Iredell County                ,75,75,11688681,0,0,0,0,0,0,0,0,0,75,75,11688681,0,0,0,0,0,0,0,0,0
37,101,3,5,Johnston County               ,56,56,7102575,0,0,0,0,0,0,0,0,0,56,56,7102575,0,0,0,0,0,0,0,0,0
37,105,3,5,Lee County                    ,17,17,3000815,0,0,0,0,0,0,0,0,0,17,17,3000815,0,0,0,0,0,0,0,0,0
37,109,3,5,Lincoln County                ,21,21,4512233,1,2,110000,0,0,0,0,0,0,0,0,0,0,0,0,0,0,0,0,0,0
37,113,3,5,Macon County                  ,18,18,2953902,0,0,0,0,0,0,0,0,0,18,18,2953902,0,0,0,0,0,0,0,0,0
37,119,3,5,Mecklenburg County            ,142,142,25577621,0,0,0,0,0,0,0,0,0,142,142,25577621,0,0,0,0,0,0,0,0,0
37,127,3,5,Nash County                   ,19,19,2114680,0,0,0,0,0,0,0,0,0,11,11,1576110,0,0,0,0,0,0,0,0,0
37,129,3,5,New Hanover County            ,27,27,8887026,0,0,0,0,0,0,2,48,5981594,27,27,8887026,0,0,0,0,0,0,2,48,5981594
37,135,3,5,Orange County                 ,17,17,4845234,0,0,0,0,0,0,0,0,0,17,17,4845234,0,0,0,0,0,0,0,0,0
37,137,3,5,Pamlico County                ,5,5,1358184,0,0,0,0,0,0,0,0,0,0,0,0,0,0,0,0,0,0,0,0,0
37,141,3,5,Pender County                 ,21,21,2794025,0,0,0,0,0,0,1,5,519975,1,1,180000,0,0,0,0,0,0,0,0,0
37,145,3,5,Person County                 ,6,6,872000,0,0,0,0,0,0,0,0,0,6,6,872000,0,0,0,0,0,0,0,0,0
37,147,3,5,Pitt County                   ,15,15,2108230,11,22,2031300,0,0,0,1,8,531850,15,15,2108230,11,22,2031300,0,0,0,1,8,531850
37,149,3,5,Polk County                   ,4,4,714752,0,0,0,0,0,0,0,0,0,4,4,714752,0,0,0,0,0,0,0,0,0
37,151,3,5,Randolph County               ,25,25,4562023,0,0,0,0,0,0,5,40,1323000,3,3,380000,0,0,0,0,0,0,5,40,1323000
37,157,3,5,Rockingham County             ,12,12,3276507,0,0,0,0,0,0,0,0,0,12,12,3276507,0,0,0,0,0,0,0,0,0
37,159,3,5,Rowan County                  ,16,16,3004092,0,0,0,0,0,0,0,0,0,16,16,3004092,0,0,0,0,0,0,0,0,0
37,163,3,5,Sampson County                ,5,5,729211,0,0,0,0,0,0,0,0,0,0,0,0,0,0,0,0,0,0,0,0,0
37,167,3,5,Stanly County                 ,12,12,1258089,0,0,0,0,0,0,1,5,267480,0,0,0,0,0,0,0,0,0,0,0,0
37,171,3,5,Surry County                  ,8,8,2314266,0,0,0,0,0,0,0,0,0,8,8,2314266,0,0,0,0,0,0,0,0,0
37,175,3,5,Transylvania County           ,5,5,990000,0,0,0,0,0,0,0,0,0,5,5,990000,0,0,0,0,0,0,0,0,0
37,179,3,5,Union County                  ,59,59,9112656,0,0,0,0,0,0,0,0,0,59,59,9112656,0,0,0,0,0,0,0,0,0
37,181,3,5,Vance County                  ,3,3,568000,0,0,0,0,0,0,0,0,0,3,3,568000,0,0,0,0,0,0,0,0,0
37,183,3,5,Wake County                   ,352,352,64472304,0,0,0,0,0,0,0,0,0,352,352,64472304,0,0,0,0,0,0,0,0,0
37,195,3,5,Wilson County                 ,15,15,3366818,0,0,0,0,0,0,0,0,0,15,15,3366818,0,0,0,0,0,0,0,0,0
39,15,2,3,Brown County                  ,6,6,970000,0,0,0,0,0,0,0,0,0,6,6,970000,0,0,0,0,0,0,0,0,0
39,17,2,3,Butler County                 ,60,60,10523721,0,0,0,0,0,0,0,0,0,56,56,9922565,0,0,0,0,0,0,0,0,0
39,25,2,3,Clermont County               ,39,39,5116197,0,0,0,0,0,0,0,0,0,39,39,5116197,0,0,0,0,0,0,0,0,0
39,35,2,3,Cuyahoga County               ,39,39,8677957,0,0,0,0,0,0,0,0,0,16,16,3887478,0,0,0,0,0,0,0,0,0
39,41,2,3,Delaware County               ,46,46,10044715,0,0,0,0,0,0,0,0,0,46,46,10044715,0,0,0,0,0,0,0,0,0
39,45,2,3,Fairfield County              ,30,30,6167675,0,0,0,0,0,0,0,0,0,24,24,5174763,0,0,0,0,0,0,0,0,0
39,49,2,3,Franklin County               ,153,153,32672827,2,4,833420,5,20,2112000,4,54,3902000,138,138,29425114,2,4,833420,5,20,2112000,4,54,3902000
39,55,2,3,Geauga County                 ,5,5,1215000,0,0,0,0,0,0,0,0,0,5,5,1215000,0,0,0,0,0,0,0,0,0
39,61,2,3,Hamilton County               ,36,36,9908861,0,0,0,0,0,0,1,5,520003,13,13,2190138,0,0,0,0,0,0,0,0,0
39,85,2,3,Lake County                   ,25,25,5769262,0,0,0,0,0,0,0,0,0,15,15,3142764,0,0,0,0,0,0,0,0,0
39,89,2,3,Licking County                ,24,24,5175748,2,4,293000,2,8,250000,0,0,0,24,24,5175748,2,4,293000,2,8,250000,0,0,0
39,93,2,3,Lorain County                 ,49,49,6877386,0,0,0,0,0,0,0,0,0,22,22,3439269,0,0,0,0,0,0,0,0,0
39,97,2,3,Madison County                ,3,3,485980,0,0,0,0,0,0,0,0,0,0,0,0,0,0,0,0,0,0,0,0,0
39,103,2,3,Medina County                 ,42,42,7583190,0,0,0,0,0,0,0,0,0,42,42,7583190,0,0,0,0,0,0,0,0,0
39,117,2,3,Morrow County                 ,3,3,477290,0,0,0,0,0,0,0,0,0,0,0,0,0,0,0,0,0,0,0,0,0
39,129,2,3,Pickaway County               ,1,1,190000,0,0,0,0,0,0,0,0,0,1,1,190000,0,0,0,0,0,0,0,0,0
39,159,2,3,Union County                  ,18,18,3748189,0,0,0,0,0,0,0,0,0,18,18,3748189,0,0,0,0,0,0,0,0,0
39,165,2,3,Warren County                 ,51,51,11345689,0,0,0,0,0,0,0,0,0,47,47,10610944,0,0,0,0,0,0,0,0,0
39,169,2,3,Wayne County                  ,15,15,2529458,1,2,215000,0,0,0,0,0,0,15,15,2529458,1,2,215000,0,0,0,0,0,0
40,17,3,7,Canadian County               ,23,23,4255313,0,0,0,0,0,0,0,0,0,12,12,2315000,0,0,0,0,0,0,0,0,0
40,21,3,7,Cherokee County               ,2,2,378979,0,0,0,0,0,0,0,0,0,0,0,0,0,0,0,0,0,0,0,0,0
40,27,3,7,Cleveland County              ,59,59,9174791,0,0,0,0,0,0,0,0,0,58,58,9027663,0,0,0,0,0,0,0,0,0
40,29,3,7,Coal County                   ,0,0,0,0,0,0,0,0,0,0,0,0,0,0,0,0,0,0,0,0,0,0,0,0
40,37,3,7,Creek County                  ,16,16,959141,1,2,85000,0,0,0,0,0,0,9,9,135000,1,2,85000,0,0,0,0,0,0
40,51,3,7,Grady County                  ,7,7,1297133,0,0,0,0,0,0,0,0,0,6,6,1209000,0,0,0,0,0,0,0,0,0
40,81,3,7,Lincoln County                ,3,3,421220,0,0,0,0,0,0,0,0,0,3,3,421220,0,0,0,0,0,0,0,0,0
40,83,3,7,Logan County                  ,2,2,250000,0,0,0,0,0,0,0,0,0,2,2,250000,0,0,0,0,0,0,0,0,0
40,87,3,7,McClain County                ,9,9,1324234,0,0,0,0,0,0,0,0,0,8,8,1250000,0,0,0,0,0,0,0,0,0
40,99,3,7,Murray County                 ,1,1,108984,0,0,0,0,0,0,0,0,0,0,0,0,0,0,0,0,0,0,0,0,0
40,109,3,7,Oklahoma County               ,166,166,26733517,2,4,363429,0,0,0,1,7,405597,50,50,10088910,1,2,205000,0,0,0,0,0,0
40,111,3,7,Okmulgee County               ,0,0,0,0,0,0,0,0,0,0,0,0,0,0,0,0,0,0,0,0,0,0,0,0
40,113,3,7,Osage County                  ,12,12,1907000,0,0,0,0,0,0,0,0,0,12,12,1907000,0,0,0,0,0,0,0,0,0
40,117,3,7,Pawnee County                 ,0,0,0,0,0,0,0,0,0,0,0,0,0,0,0,0,0,0,0,0,0,0,0,0
40,131,3,7,Rogers County                 ,32,32,3282037,0,0,0,0,0,0,0,0,0,30,30,3029000,0,0,0,0,0,0,0,0,0
40,143,3,7,Tulsa County                  ,154,154,27638991,0,0,0,0,0,0,3,234,16574976,154,154,27638991,0,0,0,0,0,0,3,234,16574976
40,145,3,7,Wagoner County                ,16,16,2840229,0,0,0,0,0,0,0,0,0,13,13,2341613,0,0,0,0,0,0,0,0,0
41,0,4,9,Oregon Balance of State       ,8,8,727083,0,0,0,0,0,0,0,0,0,8,8,727083,0,0,0,0,0,0,0,0,0
41,1,4,9,Baker County                  ,3,3,889661,0,0,0,0,0,0,0,0,0,3,3,889661,0,0,0,0,0,0,0,0,0
41,5,4,9,Clackamas County              ,59,59,14602957,0,0,0,0,0,0,0,0,0,54,54,13123041,0,0,0,0,0,0,0,0,0
41,9,4,9,Columbia County               ,1,1,208303,0,0,0,0,0,0,0,0,0,0,0,0,0,0,0,0,0,0,0,0,0
41,17,4,9,Deschutes County              ,28,28,8922231,0,0,0,0,0,0,0,0,0,28,28,8922231,0,0,0,0,0,0,0,0,0
41,19,4,9,Douglas County                ,13,13,2898342,0,0,0,0,0,0,0,0,0,13,13,2898342,0,0,0,0,0,0,0,0,0
41,25,4,9,Harney County                 ,0,0,0,0,0,0,0,0,0,0,0,0,0,0,0,0,0,0,0,0,0,0,0,0
41,33,4,9,Josephine County              ,6,6,1111463,0,0,0,0,0,0,0,0,0,6,6,1111463,0,0,0,0,0,0,0,0,0
41,35,4,9,Klamath County                ,5,5,991897,0,0,0,0,0,0,0,0,0,5,5,991897,0,0,0,0,0,0,0,0,0
41,45,4,9,Malheur County                ,3,3,628763,0,0,0,0,0,0,0,0,0,2,2,443763,0,0,0,0,0,0,0,0,0
41,51,4,9,Multnomah County              ,42,42,9933947,0,0,0,1,3,685380,0,0,0,42,42,9933947,0,0,0,1,3,685380,0,0,0
41,59,4,9,Umatilla County               ,3,3,517078,0,0,0,0,0,0,0,0,0,3,3,517078,0,0,0,0,0,0,0,0,0
41,61,4,9,Union County                  ,2,2,366803,0,0,0,0,0,0,0,0,0,0,0,0,0,0,0,0,0,0,0,0,0
41,67,4,9,Washington County             ,78,78,18284569,1,2,147409,0,0,0,0,0,0,67,67,15477023,1,2,147409,0,0,0,0,0,0
41,71,4,9,Yamhill County                ,14,14,2664980,0,0,0,0,0,0,0,0,0,14,14,2664980,0,0,0,0,0,0,0,0,0
42,1,1,2,Adams County                  ,15,15,2368000,0,0,0,0,0,0,0,0,0,15,15,2368000,0,0,0,0,0,0,0,0,0
42,3,1,2,Allegheny County              ,72,72,17692066,0,0,0,0,0,0,1,5,541180,52,52,13675910,0,0,0,0,0,0,1,5,541180
42,5,1,2,Armstrong County              ,5,5,607419,0,0,0,0,0,0,0,0,0,1,1,60000,0,0,0,0,0,0,0,0,0
42,7,1,2,Beaver County                 ,10,10,1898395,0,0,0,0,0,0,0,0,0,8,8,1459888,0,0,0,0,0,0,0,0,0
42,17,1,2,Bucks County                  ,44,44,8333916,0,0,0,0,0,0,1,5,289886,23,23,4725463,0,0,0,0,0,0,0,0,0
42,19,1,2,Butler County                 ,40,40,9209910,0,0,0,0,0,0,0,0,0,30,30,7499824,0,0,0,0,0,0,0,0,0
42,25,1,2,Carbon County                 ,20,20,3473737,0,0,0,0,0,0,0,0,0,19,19,3291360,0,0,0,0,0,0,0,0,0
42,29,1,2,Chester County                ,96,96,17191813,0,0,0,0,0,0,0,0,0,72,72,11761510,0,0,0,0,0,0,0,0,0
42,45,1,2,Delaware County               ,30,30,6507311,0,0,0,0,0,0,0,0,0,12,12,2527158,0,0,0,0,0,0,0,0,0
42,51,1,2,Fayette County                ,21,21,4293216,0,0,0,0,0,0,0,0,0,1,1,109000,0,0,0,0,0,0,0,0,0
42,55,1,2,Franklin County               ,27,27,4473658,0,0,0,0,0,0,1,5,250000,15,15,3289982,0,0,0,0,0,0,0,0,0
42,65,1,2,Jefferson County              ,6,6,900000,0,0,0,0,0,0,0,0,0,6,6,900000,0,0,0,0,0,0,0,0,0
42,77,1,2,Lehigh County                 ,82,82,10965572,0,0,0,0,0,0,0,0,0,76,76,9969820,0,0,0,0,0,0,0,0,0
42,91,1,2,Montgomery County             ,68,68,12278210,0,0,0,0,0,0,0,0,0,37,37,7206267,0,0,0,0,0,0,0,0,0
42,95,1,2,Northampton County            ,56,56,7412770,0,0,0,2,6,372000,1,5,575632,44,44,5454440,0,0,0,2,6,372000,0,0,0
42,101,1,2,Philadelphia County           ,21,21,4731474,4,8,555000,1,4,230000,1,62,1070000,21,21,4731474,4,8,555000,1,4,230000,1,62,1070000
42,103,1,2,Pike County                   ,20,20,3812835,0,0,0,0,0,0,0,0,0,17,17,3105094,0,0,0,0,0,0,0,0,0
42,125,1,2,Washington County             ,42,42,6604064,0,0,0,0,0,0,0,0,0,29,29,4387021,0,0,0,0,0,0,0,0,0
42,129,1,2,Westmoreland County           ,49,49,8822614,4,8,789200,0,0,0,0,0,0,27,27,4488265,3,6,600000,0,0,0,0,0,0
44,1,1,1,Bristol County                ,4,4,1633990,0,0,0,0,0,0,0,0,0,2,2,310000,0,0,0,0,0,0,0,0,0
44,3,1,1,Kent County                   ,5,5,627710,0,0,0,0,0,0,0,0,0,3,3,368680,0,0,0,0,0,0,0,0,0
44,5,1,1,Newport County                ,5,5,2253540,0,0,0,0,0,0,0,0,0,5,5,2253540,0,0,0,0,0,0,0,0,0
44,7,1,1,Providence County             ,28,28,2948047,0,0,0,0,0,0,0,0,0,23,23,2030960,0,0,0,0,0,0,0,0,0
44,9,1,1,Washington County             ,24,24,6820540,0,0,0,1,3,624810,0,0,0,18,18,5621038,0,0,0,0,0,0,0,0,0
45,3,3,5,Aiken County                  ,51,51,10328659,0,0,0,0,0,0,0,0,0,42,42,9320514,0,0,0,0,0,0,0,0,0
45,9,3,5,Bamberg County                ,6,6,580000,0,0,0,0,0,0,0,0,0,6,6,580000,0,0,0,0,0,0,0,0,0
45,15,3,5,Berkeley County               ,95,95,16483062,0,0,0,0,0,0,0,0,0,31,31,4390645,0,0,0,0,0,0,0,0,0
45,17,3,5,Calhoun County                ,3,3,400000,0,0,0,0,0,0,0,0,0,2,2,310000,0,0,0,0,0,0,0,0,0
45,19,3,5,Charleston County             ,116,116,26140259,0,0,0,0,0,0,1,21,1052177,54,54,8722593,0,0,0,0,0,0,0,0,0
45,35,3,5,Dorchester County             ,46,46,9696565,0,0,0,0,0,0,0,0,0,46,46,9696565,0,0,0,0,0,0,0,0,0
45,39,3,5,Fairfield County              ,3,3,347993,0,0,0,0,0,0,0,0,0,0,0,0,0,0,0,0,0,0,0,0,0
45,41,3,5,Florence County               ,27,27,3654209,0,0,0,0,0,0,1,5,300000,0,0,0,0,0,0,0,0,0,0,0,0
45,45,3,5,Greenville County             ,124,124,26710463,0,0,0,0,0,0,0,0,0,123,123,26620455,0,0,0,0,0,0,0,0,0
45,47,3,5,Greenwood County              ,6,6,958905,0,0,0,0,0,0,0,0,0,6,6,958905,0,0,0,0,0,0,0,0,0
45,55,3,5,Kershaw County                ,15,15,1534301,0,0,0,0,0,0,0,0,0,15,15,1534301,0,0,0,0,0,0,0,0,0
45,59,3,5,Laurens County                ,4,4,710114,0,0,0,0,0,0,0,0,0,4,4,710114,0,0,0,0,0,0,0,0,0
45,63,3,5,Lexington County              ,103,103,18241484,0,0,0,0,0,0,0,0,0,103,103,18241484,0,0,0,0,0,0,0,0,0
45,77,3,5,Pickens County                ,28,28,6798567,0,0,0,0,0,0,0,0,0,6,6,1035848,0,0,0,0,0,0,0,0,0
45,79,3,5,Richland County               ,106,106,13026565,0,0,0,1,3,262500,2,30,2059233,0,0,0,0,0,0,0,0,0,0,0,0
45,81,3,5,Saluda County                 ,2,2,254160,0,0,0,0,0,0,0,0,0,2,2,254160,0,0,0,0,0,0,0,0,0
45,85,3,5,Sumter County                 ,21,21,2776765,0,0,0,0,0,0,0,0,0,0,0,0,0,0,0,0,0,0,0,0,0
45,91,3,5,York County                   ,140,140,33564497,0,0,0,0,0,0,12,240,20354638,26,26,4956514,0,0,0,0,0,0,12,240,20354638
46,5,2,4,Beadle County                 ,5,5,644493,0,0,0,0,0,0,0,0,0,5,5,644493,0,0,0,0,0,0,0,0,0
46,69,2,4,Hyde County                   ,0,0,0,0,0,0,0,0,0,0,0,0,0,0,0,0,0,0,0,0,0,0,0,0
46,121,2,4,Todd County                   ,0,0,0,0,0,0,0,0,0,0,0,0,0,0,0,0,0,0,0,0,0,0,0,0
47,11,3,6,Bradley County                ,12,12,1532372,0,0,0,2,7,387717,0,0,0,6,6,766000,0,0,0,1,4,144000,0,0,0
47,15,3,6,Cannon County                 ,1,1,125000,0,0,0,0,0,0,0,0,0,1,1,125000,0,0,0,0,0,0,0,0,0
47,21,3,6,Cheatham County               ,9,9,1680000,0,0,0,0,0,0,0,0,0,9,9,1680000,0,0,0,0,0,0,0,0,0
47,37,3,6,Davidson County               ,141,141,29981105,0,0,0,0,0,0,0,0,0,140,140,28966295,0,0,0,0,0,0,0,0,0
47,39,3,6,Decatur County                ,0,0,0,0,0,0,0,0,0,0,0,0,0,0,0,0,0,0,0,0,0,0,0,0
47,43,3,6,Dickson County                ,8,8,1391037,0,0,0,0,0,0,0,0,0,7,7,1331037,0,0,0,0,0,0,0,0,0
47,47,3,6,Fayette County                ,20,20,4945288,0,0,0,0,0,0,0,0,0,12,12,3500700,0,0,0,0,0,0,0,0,0
47,63,3,6,Hamblen County                ,10,10,1249533,1,2,125000,0,0,0,0,0,0,5,5,801873,1,2,125000,0,0,0,0,0,0
47,71,3,6,Hardin County                 ,2,2,127775,0,0,0,0,0,0,0,0,0,0,0,0,0,0,0,0,0,0,0,0,0
47,81,3,6,Hickman County                ,0,0,0,0,0,0,0,0,0,0,0,0,0,0,0,0,0,0,0,0,0,0,0,0
47,91,3,6,Johnson County                ,0,0,0,0,0,0,0,0,0,0,0,0,0,0,0,0,0,0,0,0,0,0,0,0
47,93,3,6,Knox County                   ,62,62,8350041,0,0,0,0,0,0,0,0,0,62,62,8350041,0,0,0,0,0,0,0,0,0
47,111,3,6,Macon County                  ,0,0,0,0,0,0,0,0,0,1,5,104545,0,0,0,0,0,0,0,0,0,0,0,0
47,113,3,6,Madison County                ,26,26,2392427,0,0,0,0,0,0,0,0,0,26,26,2392427,0,0,0,0,0,0,0,0,0
47,125,3,6,Montgomery County             ,133,133,16870000,0,0,0,0,0,0,0,0,0,133,133,16870000,0,0,0,0,0,0,0,0,0
47,141,3,6,Putnam County                 ,31,31,3397890,1,2,110000,0,0,0,0,0,0,31,31,3397890,1,2,110000,0,0,0,0,0,0
47,147,3,6,Robertson County              ,17,17,2055060,0,0,0,0,0,0,0,0,0,14,14,1585640,0,0,0,0,0,0,0,0,0
47,149,3,6,Rutherford County             ,145,145,22786608,0,0,0,0,0,0,1,9,430453,118,118,19442783,0,0,0,0,0,0,0,0,0
47,157,3,6,Shelby County                 ,67,67,12981125,0,0,0,0,0,0,0,0,0,67,67,12981125,0,0,0,0,0,0,0,0,0
47,159,3,6,Smith County                  ,2,2,280124,0,0,0,0,0,0,0,0,0,2,2,280124,0,0,0,0,0,0,0,0,0
47,165,3,6,Sumner County                 ,49,49,7614621,0,0,0,0,0,0,0,0,0,24,24,3473056,0,0,0,0,0,0,0,0,0
47,167,3,6,Tipton County                 ,10,10,1504479,0,0,0,0,0,0,0,0,0,3,3,556000,0,0,0,0,0,0,0,0,0
47,169,3,6,Trousdale County              ,2,2,244000,0,0,0,0,0,0,0,0,0,2,2,244000,0,0,0,0,0,0,0,0,0
47,179,3,6,Washington County             ,32,32,3611024,0,0,0,2,8,350000,3,21,550000,32,32,3611024,0,0,0,2,8,350000,3,21,550000
47,187,3,6,Williamson County             ,33,33,9802200,0,0,0,0,0,0,0,0,0,33,33,9802200,0,0,0,0,0,0,0,0,0
47,189,3,6,Wilson County                 ,40,40,6939026,1,2,215000,1,3,322000,0,0,0,40,40,6939026,1,2,215000,1,3,322000,0,0,0
48,13,3,7,Atascosa County               ,1,1,140000,0,0,0,0,0,0,0,0,0,1,1,140000,0,0,0,0,0,0,0,0,0
48,15,3,7,Austin County                 ,6,6,926440,0,0,0,0,0,0,0,0,0,5,5,750000,0,0,0,0,0,0,0,0,0
48,19,3,7,Bandera County                ,0,0,0,0,0,0,0,0,0,0,0,0,0,0,0,0,0,0,0,0,0,0,0,0
48,21,3,7,Bastrop County                ,1,1,90000,0,0,0,0,0,0,0,0,0,1,1,90000,0,0,0,0,0,0,0,0,0
48,29,3,7,Bexar County                  ,433,433,77884404,1,2,156042,0,0,0,13,214,14840320,407,407,72981527,1,2,156042,0,0,0,12,201,13115519
48,39,3,7,Brazoria County               ,119,119,21615788,1,2,145244,0,0,0,0,0,0,116,116,21119799,1,2,145244,0,0,0,0,0,0
48,41,3,7,Brazos County                 ,72,72,9669596,0,0,0,0,0,0,1,64,5600000,72,72,9669596,0,0,0,0,0,0,1,64,5600000
48,55,3,7,Caldwell County               ,4,4,440338,0,0,0,0,0,0,0,0,0,0,0,0,0,0,0,0,0,0,0,0,0
48,63,3,7,Camp County                   ,0,0,0,0,0,0,0,0,0,0,0,0,0,0,0,0,0,0,0,0,0,0,0,0
48,71,3,7,Chambers County               ,29,29,5185351,0,0,0,0,0,0,0,0,0,26,26,4683226,0,0,0,0,0,0,0,0,0
48,85,3,7,Collin County                 ,376,376,95644979,2,4,435400,0,0,0,0,0,0,375,375,95461479,2,4,435400,0,0,0,0,0,0
48,91,3,7,Comal County                  ,74,74,13877119,0,0,0,0,0,0,0,0,0,40,40,9170451,0,0,0,0,0,0,0,0,0
48,113,3,7,Dallas County                 ,243,243,62609656,0,0,0,0,0,0,1,8,383080,231,231,60600253,0,0,0,0,0,0,0,0,0
48,117,3,7,Deaf Smith County             ,1,1,119000,0,0,0,0,0,0,0,0,0,0,0,0,0,0,0,0,0,0,0,0,0
48,119,3,7,Delta County                  ,1,1,180124,0,0,0,0,0,0,0,0,0,1,1,180124,0,0,0,0,0,0,0,0,0
48,121,3,7,Denton County                 ,147,147,35548629,5,10,1480831,0,0,0,1,8,662754,141,141,34472229,5,10,1480831,0,0,0,1,8,662754
48,133,3,7,Eastland County               ,0,0,0,0,0,0,0,0,0,0,0,0,0,0,0,0,0,0,0,0,0,0,0,0
48,135,3,7,Ector County                  ,23,23,3481594,0,0,0,0,0,0,0,0,0,23,23,3481594,0,0,0,0,0,0,0,0,0
48,139,3,7,Ellis County                  ,42,42,6048460,0,0,0,0,0,0,0,0,0,24,24,3659254,0,0,0,0,0,0,0,0,0
48,157,3,7,Fort Bend County              ,419,419,75853309,0,0,0,0,0,0,1,5,463134,68,68,14753982,0,0,0,0,0,0,0,0,0
48,167,3,7,Galveston County              ,91,91,16010240,0,0,0,0,0,0,1,6,272479,18,18,3567132,0,0,0,0,0,0,0,0,0
48,187,3,7,Guadalupe County              ,127,127,23929296,0,0,0,0,0,0,0,0,0,127,127,23929296,0,0,0,0,0,0,0,0,0
48,201,3,7,Harris County                 ,994,994,187149069,1,2,263000,0,0,0,3,287,13100000,982,982,182644241,1,2,263000,0,0,0,3,287,13100000
48,209,3,7,Hays County                   ,102,102,14601895,0,0,0,0,0,0,1,12,719467,33,33,2528563,0,0,0,0,0,0,0,0,0
48,215,3,7,Hidalgo County                ,242,242,37679074,2,4,363608,1,4,100000,2,37,2747555,229,229,36988933,2,4,363608,1,4,100000,1,32,2607055
48,231,3,7,Hunt County                   ,2,2,241950,0,0,0,0,0,0,0,0,0,2,2,241950,0,0,0,0,0,0,0,0,0
48,233,3,7,Hutchinson County             ,0,0,0,0,0,0,0,0,0,0,0,0,0,0,0,0,0,0,0,0,0,0,0,0
48,251,3,7,Johnson County                ,58,58,7885074,1,2,100000,0,0,0,0,0,0,43,43,5380658,1,2,100000,0,0,0,0,0,0
48,257,3,7,Kaufman County                ,12,12,1938870,0,0,0,0,0,0,0,0,0,12,12,1938870,0,0,0,0,0,0,0,0,0
48,259,3,7,Kendall County                ,13,13,2292899,0,0,0,0,0,0,0,0,0,5,5,581215,0,0,0,0,0,0,0,0,0
48,271,3,7,Kinney County                 ,0,0,0,0,0,0,0,0,0,0,0,0,0,0,0,0,0,0,0,0,0,0,0,0
48,291,3,7,Liberty County                ,20,20,3643052,0,0,0,0,0,0,0,0,0,17,17,3179216,0,0,0,0,0,0,0,0,0
48,307,3,7,McCulloch County              ,0,0,0,0,0,0,0,0,0,0,0,0,0,0,0,0,0,0,0,0,0,0,0,0
48,323,3,7,Maverick County               ,9,9,552132,0,0,0,0,0,0,0,0,0,9,9,552132,0,0,0,0,0,0,0,0,0
48,325,3,7,Medina County                 ,1,1,230000,0,0,0,0,0,0,0,0,0,1,1,230000,0,0,0,0,0,0,0,0,0
48,329,3,7,Midland County                ,33,33,3908652,0,0,0,0,0,0,0,0,0,33,33,3908652,0,0,0,0,0,0,0,0,0
48,339,3,7,Montgomery County             ,305,305,47432107,0,0,0,0,0,0,0,0,0,300,300,46779953,0,0,0,0,0,0,0,0,0
48,353,3,7,Nolan County                  ,0,0,0,0,0,0,0,0,0,0,0,0,0,0,0,0,0,0,0,0,0,0,0,0
48,359,3,7,Oldham County                 ,0,0,0,0,0,0,0,0,0,0,0,0,0,0,0,0,0,0,0,0,0,0,0,0
48,367,3,7,Parker County                 ,26,26,4398280,0,0,0,0,0,0,0,0,0,26,26,4398280,0,0,0,0,0,0,0,0,0
48,375,3,7,Potter County                 ,66,66,14589605,0,0,0,0,0,0,0,0,0,66,66,14589605,0,0,0,0,0,0,0,0,0
48,383,3,7,Reagan County                 ,0,0,0,0,0,0,0,0,0,0,0,0,0,0,0,0,0,0,0,0,0,0,0,0
48,385,3,7,Real County                   ,0,0,0,0,0,0,0,0,0,0,0,0,0,0,0,0,0,0,0,0,0,0,0,0
48,397,3,7,Rockwall County               ,54,54,9512826,0,0,0,0,0,0,0,0,0,45,45,8252826,0,0,0,0,0,0,0,0,0
48,407,3,7,San Jacinto County            ,0,0,0,0,0,0,0,0,0,0,0,0,0,0,0,0,0,0,0,0,0,0,0,0
48,435,3,7,Sutton County                 ,0,0,0,0,0,0,0,0,0,0,0,0,0,0,0,0,0,0,0,0,0,0,0,0
48,437,3,7,Swisher County                ,0,0,0,0,0,0,0,0,0,0,0,0,0,0,0,0,0,0,0,0,0,0,0,0
48,439,3,7,Tarrant County                ,521,521,108944161,2,4,463608,0,0,0,5,291,23634846,489,489,98185379,2,4,463608,0,0,0,5,291,23634846
48,451,3,7,Tom Green County              ,9,9,1594019,0,0,0,0,0,0,0,0,0,9,9,1594019,0,0,0,0,0,0,0,0,0
48,453,3,7,Travis County                 ,449,449,87102018,0,0,0,0,0,0,0,0,0,438,438,82753042,0,0,0,0,0,0,0,0,0
48,463,3,7,Uvalde County                 ,0,0,0,0,0,0,0,0,0,0,0,0,0,0,0,0,0,0,0,0,0,0,0,0
48,469,3,7,Victoria County               ,4,4,624932,0,0,0,0,0,0,0,0,0,0,0,0,0,0,0,0,0,0,0,0,0
48,471,3,7,Walker County                 ,9,9,1419396,0,0,0,0,0,0,0,0,0,9,9,1419396,0,0,0,0,0,0,0,0,0
48,473,3,7,Waller County                 ,1,1,89715,0,0,0,0,0,0,0,0,0,0,0,0,0,0,0,0,0,0,0,0,0
48,479,3,7,Webb County                   ,57,57,7887363,0,0,0,1,4,181044,0,0,0,57,57,7887363,0,0,0,1,4,181044,0,0,0
48,491,3,7,Williamson County             ,177,177,30425351,0,0,0,0,0,0,0,0,0,156,156,28097564,0,0,0,0,0,0,0,0,0
48,493,3,7,Wilson County                 ,2,2,328005,0,0,0,0,0,0,0,0,0,1,1,177113,0,0,0,0,0,0,0,0,0
48,497,3,7,Wise County                   ,5,5,1031517,1,2,152000,0,0,0,0,0,0,3,3,680000,0,0,0,0,0,0,0,0,0
49,9,4,8,Daggett County                ,0,0,0,0,0,0,0,0,0,0,0,0,0,0,0,0,0,0,0,0,0,0,0,0
49,19,4,8,Grand County                  ,2,2,610037,0,0,0,0,0,0,0,0,0,2,2,610037,0,0,0,0,0,0,0,0,0
49,21,4,8,Iron County                   ,15,15,2838869,2,4,449810,0,0,0,0,0,0,6,6,1310764,0,0,0,0,0,0,0,0,0
49,33,4,8,Rich County                   ,5,5,954819,0,0,0,0,0,0,0,0,0,5,5,954819,0,0,0,0,0,0,0,0,0
49,35,4,8,Salt Lake County              ,108,108,23201262,1,2,241268,5,17,2641184,6,50,5471910,81,81,18339016,0,0,0,4,13,2137000,4,30,3672645
49,39,4,8,Sanpete County                ,4,4,341546,0,0,0,0,0,0,0,0,0,4,4,341546,0,0,0,0,0,0,0,0,0
49,43,4,8,Summit County                 ,11,11,2054864,0,0,0,0,0,0,0,0,0,9,9,1775675,0,0,0,0,0,0,0,0,0
49,45,4,8,Tooele County                 ,14,14,2171745,0,0,0,0,0,0,0,0,0,14,14,2171745,0,0,0,0,0,0,0,0,0
49,51,4,8,Wasatch County                ,13,13,5537964,0,0,0,0,0,0,0,0,0,6,6,1743042,0,0,0,0,0,0,0,0,0
51,3,3,5,Albemarle County              ,27,27,7033575,0,0,0,0,0,0,0,0,0,27,27,7033575,0,0,0,0,0,0,0,0,0
51,7,3,5,Amelia County                 ,1,1,121680,0,0,0,0,0,0,0,0,0,1,1,121680,0,0,0,0,0,0,0,0,0
51,13,3,5,Arlington County              ,7,7,2407000,0,0,0,0,0,0,0,0,0,7,7,2407000,0,0,0,0,0,0,0,0,0
51,15,3,5,Augusta County                ,15,15,2488000,0,0,0,0,0,0,0,0,0,15,15,2488000,0,0,0,0,0,0,0,0,0
51,19,3,5,Bedford County                ,21,21,3538000,0,0,0,0,0,0,0,0,0,21,21,3538000,0,0,0,0,0,0,0,0,0
51,23,3,5,Botetourt County              ,3,3,715000,0,0,0,0,0,0,0,0,0,3,3,715000,0,0,0,0,0,0,0,0,0
51,31,3,5,Campbell County               ,21,21,3237730,0,0,0,0,0,0,0,0,0,21,21,3237730,0,0,0,0,0,0,0,0,0
51,33,3,5,Caroline County               ,16,16,2413022,0,0,0,0,0,0,0,0,0,16,16,2413022,0,0,0,0,0,0,0,0,0
51,36,3,5,Charles City County           ,2,2,305735,0,0,0,0,0,0,0,0,0,0,0,0,0,0,0,0,0,0,0,0,0
51,37,3,5,Charlotte County              ,4,4,399000,0,0,0,0,0,0,0,0,0,4,4,399000,0,0,0,0,0,0,0,0,0
51,41,3,5,Chesterfield County           ,72,72,12968935,0,0,0,0,0,0,1,6,720000,72,72,12968935,0,0,0,0,0,0,1,6,720000
51,43,3,5,Clarke County                 ,3,3,726000,0,0,0,0,0,0,0,0,0,3,3,726000,0,0,0,0,0,0,0,0,0
51,49,3,5,Cumberland County             ,2,2,650000,0,0,0,0,0,0,0,0,0,2,2,650000,0,0,0,0,0,0,0,0,0
51,53,3,5,Dinwiddie County              ,9,9,1597925,0,0,0,0,0,0,0,0,0,0,0,0,0,0,0,0,0,0,0,0,0
51,59,3,5,Fairfax County                ,49,49,8887091,0,0,0,0,0,0,0,0,0,49,49,8887091,0,0,0,0,0,0,0,0,0
51,61,3,5,Fauquier County               ,8,8,2311620,0,0,0,0,0,0,0,0,0,0,0,0,0,0,0,0,0,0,0,0,0
51,65,3,5,Fluvanna County               ,8,8,1613196,0,0,0,0,0,0,0,0,0,0,0,0,0,0,0,0,0,0,0,0,0
51,67,3,5,Franklin County               ,12,12,3905703,0,0,0,0,0,0,0,0,0,12,12,3905703,0,0,0,0,0,0,0,0,0
51,69,3,5,Frederick County              ,14,14,2583169,0,0,0,0,0,0,0,0,0,14,14,2583169,0,0,0,0,0,0,0,0,0
51,73,3,5,Gloucester County             ,8,8,1443000,0,0,0,0,0,0,0,0,0,8,8,1443000,0,0,0,0,0,0,0,0,0
51,75,3,5,Goochland County              ,3,3,391665,0,0,0,0,0,0,0,0,0,3,3,391665,0,0,0,0,0,0,0,0,0
51,79,3,5,Greene County                 ,11,11,2129000,0,0,0,0,0,0,0,0,0,11,11,2129000,0,0,0,0,0,0,0,0,0
51,85,3,5,Hanover County                ,26,26,4396949,0,0,0,0,0,0,0,0,0,26,26,4396949,0,0,0,0,0,0,0,0,0
51,87,3,5,Henrico County                ,11,11,1981365,0,0,0,0,0,0,0,0,0,11,11,1981365,0,0,0,0,0,0,0,0,0
51,93,3,5,Isle of Wight County          ,18,18,4917000,0,0,0,0,0,0,0,0,0,18,18,4917000,0,0,0,0,0,0,0,0,0
51,95,3,5,James City County             ,42,42,6497985,0,0,0,0,0,0,0,0,0,42,42,6497985,0,0,0,0,0,0,0,0,0
51,97,3,5,King and Queen County         ,3,3,339717,0,0,0,0,0,0,0,0,0,3,3,339717,0,0,0,0,0,0,0,0,0
51,99,3,5,King George County            ,19,19,3365151,0,0,0,0,0,0,0,0,0,19,19,3365151,0,0,0,0,0,0,0,0,0
51,101,3,5,King William County           ,6,6,720488,0,0,0,0,0,0,0,0,0,6,6,720488,0,0,0,0,0,0,0,0,0
51,107,3,5,Loudoun County                ,160,160,28819855,0,0,0,0,0,0,1,14,1140586,160,160,28819855,0,0,0,0,0,0,1,14,1140586
51,109,3,5,Louisa County                 ,8,8,1795000,0,0,0,0,0,0,0,0,0,8,8,1795000,0,0,0,0,0,0,0,0,0
51,115,3,5,Mathews County                ,5,5,820000,0,0,0,0,0,0,0,0,0,5,5,820000,0,0,0,0,0,0,0,0,0
51,119,3,5,Middlesex County              ,2,2,318000,0,0,0,0,0,0,0,0,0,2,2,318000,0,0,0,0,0,0,0,0,0
51,127,3,5,New Kent County               ,26,26,4683226,0,0,0,0,0,0,0,0,0,26,26,4683226,0,0,0,0,0,0,0,0,0
51,137,3,5,Orange County                 ,7,7,1882500,0,0,0,0,0,0,0,0,0,7,7,1882500,0,0,0,0,0,0,0,0,0
51,143,3,5,Pittsylvania County           ,6,6,745152,0,0,0,0,0,0,1,5,295125,0,0,0,0,0,0,0,0,0,0,0,0
51,145,3,5,Powhatan County               ,6,6,1252459,0,0,0,0,0,0,0,0,0,6,6,1252459,0,0,0,0,0,0,0,0,0
51,149,3,5,Prince George County          ,6,6,943800,0,0,0,0,0,0,0,0,0,6,6,943800,0,0,0,0,0,0,0,0,0
51,153,3,5,Prince William County         ,152,152,27398118,0,0,0,0,0,0,0,0,0,152,152,27398118,0,0,0,0,0,0,0,0,0
51,157,3,5,Rappahannock County           ,4,4,945000,0,0,0,0,0,0,0,0,0,4,4,945000,0,0,0,0,0,0,0,0,0
51,161,3,5,Roanoke County                ,12,12,2539130,0,0,0,0,0,0,0,0,0,12,12,2539130,0,0,0,0,0,0,0,0,0
51,163,3,5,Rockbridge County             ,3,3,778600,0,0,0,0,0,0,0,0,0,3,3,778600,0,0,0,0,0,0,0,0,0
51,165,3,5,Rockingham County             ,28,28,5567000,0,0,0,0,0,0,0,0,0,28,28,5567000,0,0,0,0,0,0,0,0,0
51,169,3,5,Scott County                  ,3,3,444403,0,0,0,0,0,0,0,0,0,0,0,0,0,0,0,0,0,0,0,0,0
51,171,3,5,Shenandoah County             ,6,6,875000,1,2,100000,0,0,0,0,0,0,6,6,875000,1,2,100000,0,0,0,0,0,0
51,177,3,5,Spotsylvania County           ,22,22,5731999,0,0,0,0,0,0,0,0,0,22,22,5731999,0,0,0,0,0,0,0,0,0
51,179,3,5,Stafford County               ,71,71,12788811,0,0,0,0,0,0,0,0,0,71,71,12788811,0,0,0,0,0,0,0,0,0
51,181,3,5,Surry County                  ,5,5,1080920,0,0,0,0,0,0,0,0,0,5,5,1080920,0,0,0,0,0,0,0,0,0
51,183,3,5,Sussex County                 ,5,5,605000,0,0,0,0,0,0,0,0,0,5,5,605000,0,0,0,0,0,0,0,0,0
51,187,3,5,Warren County                 ,10,10,1618500,0,0,0,0,0,0,0,0,0,10,10,1618500,0,0,0,0,0,0,0,0,0
51,199,3,5,York County                   ,23,23,4073604,0,0,0,0,0,0,0,0,0,23,23,4073604,0,0,0,0,0,0,0,0,0
51,510,3,5,Alexandria (Independent City) ,4,4,1227305,0,0,0,0,0,0,1,16,3482201,0,0,0,0,0,0,0,0,0,0,0,0
51,530,3,5,Buena Vista (Independent City),0,0,0,0,0,0,0,0,0,0,0,0,0,0,0,0,0,0,0,0,0,0,0,0
51,550,3,5,Chesapeake(Independent City)  ,23,23,4142854,0,0,0,0,0,0,0,0,0,23,23,4142854,0,0,0,0,0,0,0,0,0
51,570,3,5,Colonial Heights (Independent ,0,0,0,0,0,0,0,0,0,0,0,0,0,0,0,0,0,0,0,0,0,0,0,0
51,580,3,5,Covington (Independent City)  ,0,0,0,0,0,0,0,0,0,0,0,0,0,0,0,0,0,0,0,0,0,0,0,0
51,600,3,5,Fairfax (Independent City)    ,2,2,412000,0,0,0,0,0,0,0,0,0,2,2,412000,0,0,0,0,0,0,0,0,0
51,610,3,5,Falls Church (Independent City,1,1,289550,0,0,0,0,0,0,0,0,0,0,0,0,0,0,0,0,0,0,0,0,0
51,630,3,5,Fredericksburg(Independent Cit,18,18,3214000,0,0,0,0,0,0,1,157,20000000,18,18,3214000,0,0,0,0,0,0,1,157,20000000
51,650,3,5,Hampton (Independent City)    ,14,14,2783876,0,0,0,0,0,0,0,0,0,0,0,0,0,0,0,0,0,0,0,0,0
51,660,3,5,Harrisonburg (Independent City,4,4,272000,0,0,0,0,0,0,0,0,0,4,4,272000,0,0,0,0,0,0,0,0,0
51,670,3,5,Hopewell (Independent City)   ,17,17,1665988,0,0,0,0,0,0,0,0,0,17,17,1665988,0,0,0,0,0,0,0,0,0
51,680,3,5,Lynchburg (Independent City)  ,9,9,1432446,0,0,0,0,0,0,0,0,0,9,9,1432446,0,0,0,0,0,0,0,0,0
51,683,3,5,Manassas (Independent City)   ,4,4,455265,0,0,0,0,0,0,0,0,0,0,0,0,0,0,0,0,0,0,0,0,0
51,685,3,5,Manassas Park (Independent Cit,0,0,0,0,0,0,0,0,0,0,0,0,0,0,0,0,0,0,0,0,0,0,0,0
51,700,3,5,Newport News (Independent City,3,3,3110357,0,0,0,0,0,0,4,96,2777128,3,3,3110357,0,0,0,0,0,0,4,96,2777128
51,710,3,5,Norfolk (Independent City)    ,9,9,1621117,1,2,183608,0,0,0,0,0,0,9,9,1621117,1,2,183608,0,0,0,0,0,0
51,730,3,5,Petersburg (Independent City) ,6,6,598691,0,0,0,14,56,5000000,0,0,0,6,6,598691,0,0,0,14,56,5000000,0,0,0
51,735,3,5,Poquoson (Independent City)   ,1,1,175000,0,0,0,0,0,0,0,0,0,1,1,175000,0,0,0,0,0,0,0,0,0
51,740,3,5,Portsmouth (Independent City) ,12,12,1798300,0,0,0,0,0,0,0,0,0,12,12,1798300,0,0,0,0,0,0,0,0,0
51,760,3,5,Richmond (Independent City)   ,9,9,1083699,0,0,0,0,0,0,0,0,0,9,9,1083699,0,0,0,0,0,0,0,0,0
51,770,3,5,Roanoke (Independent City)    ,7,7,963769,0,0,0,0,0,0,0,0,0,7,7,963769,0,0,0,0,0,0,0,0,0
51,800,3,5,Suffolk (Independent City)    ,37,37,6664591,0,0,0,0,0,0,0,0,0,37,37,6664591,0,0,0,0,0,0,0,0,0
51,810,3,5,Virginia Beach (Independent Ci,30,30,6622000,1,2,285000,0,0,0,0,0,0,30,30,6622000,1,2,285000,0,0,0,0,0,0
51,830,3,5,Williamsburg (Independent City,9,9,1300000,0,0,0,0,0,0,0,0,0,9,9,1300000,0,0,0,0,0,0,0,0,0
53,11,4,9,Clark County                  ,69,69,13842485,0,0,0,0,0,0,0,0,0,24,24,4031427,0,0,0,0,0,0,0,0,0
53,33,4,9,King County                   ,188,188,48083160,6,12,1694412,3,9,2137724,3,95,17282149,158,158,39547396,6,12,1694412,3,9,2137724,2,89,16745548
53,41,4,9,Lewis County                  ,21,21,2692299,0,0,0,0,0,0,0,0,0,21,21,2692299,0,0,0,0,0,0,0,0,0
53,53,4,9,Pierce County                 ,121,121,22743267,0,0,0,4,14,1173950,1,70,8056153,121,121,22743267,0,0,0,4,14,1173950,1,70,8056153
53,59,4,9,Skamania County               ,1,1,160583,0,0,0,0,0,0,0,0,0,1,1,160583,0,0,0,0,0,0,0,0,0
53,61,4,9,Snohomish County              ,107,107,21383740,18,36,4955948,0,0,0,2,11,1055502,96,96,19139087,18,36,4955948,0,0,0,1,6,667778
54,37,3,5,Jefferson County              ,19,19,3943861,0,0,0,0,0,0,0,0,0,19,19,3943861,0,0,0,0,0,0,0,0,0
55,21,2,3,Columbia County               ,10,10,1689700,0,0,0,0,0,0,0,0,0,10,10,1689700,0,0,0,0,0,0,0,0,0
55,25,2,3,Dane County                   ,63,63,15207831,1,2,210000,1,4,500000,0,0,0,62,62,15043700,1,2,210000,1,4,500000,0,0,0
55,31,2,3,Douglas County                ,19,19,2165517,0,0,0,0,0,0,0,0,0,19,19,2165517,0,0,0,0,0,0,0,0,0
55,37,2,3,Florence County               ,1,1,51925,0,0,0,0,0,0,0,0,0,0,0,0,0,0,0,0,0,0,0,0,0
55,49,2,3,Iowa County                   ,8,8,1268500,0,0,0,0,0,0,0,0,0,8,8,1268500,0,0,0,0,0,0,0,0,0
55,59,2,3,Kenosha County                ,13,13,2256134,0,0,0,0,0,0,0,0,0,11,11,1644000,0,0,0,0,0,0,0,0,0
55,79,2,3,Milwaukee County              ,32,32,8929603,0,0,0,0,0,0,1,52,5700000,24,24,5269204,0,0,0,0,0,0,1,52,5700000
55,89,2,3,Ozaukee County                ,15,15,4694298,0,0,0,0,0,0,1,40,6500000,11,11,2780883,0,0,0,0,0,0,1,40,6500000
55,93,2,3,Pierce County                 ,7,7,1230000,0,0,0,0,0,0,0,0,0,7,7,1230000,0,0,0,0,0,0,0,0,0
55,109,2,3,St. Croix County              ,11,11,1789746,0,0,0,0,0,0,0,0,0,8,8,1280145,0,0,0,0,0,0,0,0,0
55,113,2,3,Sawyer County                 ,14,14,1597844,1,2,60000,0,0,0,0,0,0,14,14,1597844,1,2,60000,0,0,0,0,0,0
55,131,2,3,Washington County             ,20,20,4242259,0,0,0,0,0,0,1,5,395833,16,16,2882974,0,0,0,0,0,0,0,0,0
55,133,2,3,Waukesha County               ,48,48,15245624,0,0,0,0,0,0,0,0,0,46,46,14589419,0,0,0,0,0,0,0,0,0
56,19,4,8,Johnson County                ,0,0,0,0,0,0,0,0,0,0,0,0,0,0,0,0,0,0,0,0,0,0,0,0
56,39,4,8,Teton County                  ,13,13,12390147,1,2,2486000,0,0,0,1,5,428316,0,0,0,0,0,0,0,0,0,0,0,0
